Group,Category,Base_Cabinet,Product,Insert,Hand,2D_Image_Path,3D_GLB_Path,3D_Model,Photo_Path,Status
Appliances & Sinks,ADA Compliant Sinks,ADASK20,ADASK20,,,,/assets/appliances/ada-compliant-sinks/ADASK20/3d/ADASK20.glb,placeholder,,NEEDS 2D + 3D
Appliances & Sinks,ADA Compliant Sinks,ADASK37,ADASK37,,,,/assets/appliances/ada-compliant-sinks/ADASK37/3d/ADASK37.glb,placeholder,,NEEDS 2D + 3D
Appliances & Sinks,Appliance Components,BC_BC14,BC_BC14,,,,/assets/appliances/appliance-components/BC_BC14/3d/BC_BC14.glb,placeholder,/assets/appliances/appliance-components/BC_BC14/photo/BC_BC14.jpg,NEEDS 2D + 3D
Appliances & Sinks,Appliance Components,BC_TD14,BC_TD14,,,,/assets/appliances/appliance-components/BC_TD14/3d/BC_TD14.glb,placeholder,/assets/appliances/appliance-components/BC_TD14/photo/BC_TD14.jpg,NEEDS 2D + 3D
Appliances & Sinks,Appliance Components,BRBC14,BRBC14,,,,/assets/appliances/appliance-components/BRBC14/3d/BRBC14.glb,placeholder,,NEEDS 2D + 3D
Appliances & Sinks,Refrigeration & Warming,SAPFR21PRO,SAPFR21PRO,,,,/assets/appliances/refrigeration-warming/SAPFR21PRO/3d/SAPFR21PRO.glb,placeholder,,NEEDS 2D + 3D
Appliances & Sinks,Refrigeration & Warming,SAPFR21PRO,SAPFR21PRO_BATRIM21,BATRIM21,,,/assets/appliances/refrigeration-warming/SAPFR21PRO/3d/SAPFR21PRO_BATRIM21.glb,placeholder,,NEEDS 2D + 3D
Appliances & Sinks,Refrigeration & Warming,SAPWD30PRO,SAPWD30PRO,,,,/assets/appliances/refrigeration-warming/SAPWD30PRO/3d/SAPWD30PRO.glb,placeholder,/assets/appliances/refrigeration-warming/SAPWD30PRO/photo/SAPWD30PRO.jpg,NEEDS 2D + 3D
Appliances & Sinks,Refrigeration & Warming,SAPWD30PRO,SAPWD30PRO_DE,DE,,,/assets/appliances/refrigeration-warming/SAPWD30PRO/3d/SAPWD30PRO_DE.glb,placeholder,/assets/appliances/refrigeration-warming/SAPWD30PRO/photo/SAPWD30PRO_DE.jpg,NEEDS 2D + 3D
Cabinet Islands,Appliance Cabinets,SAC34SWC,SAC34SWC,,,/assets/cabinet-islands/appliance-cabinets/SAC34SWC/2d/SAC34SWC.webp,/assets/cabinet-islands/appliance-cabinets/SAC34SWC/3d/SAC34SWC.glb,placeholder,,NEEDS 3D MODEL
Cabinet Islands,Appliance Cabinets,SAC34SWC,SAC34SWC_SAP30WDPRO,SAP30WDPRO,,/assets/cabinet-islands/appliance-cabinets/SAC34SWC/2d/SAC34SWC_SAP30WDPRO.webp,/assets/cabinet-islands/appliance-cabinets/SAC34SWC/3d/SAC34SWC_SAP30WDPRO.glb,placeholder,,NEEDS 3D MODEL
Cabinet Islands,Component Cabinets,SBC3C45,SBC3C45,,,,/assets/cabinet-islands/component-cabinets/SBC3C45/3d/SBC3C45.glb,real,,NEEDS 2D IMAGE
Cabinet Islands,Component Cabinets,SBC3C45,SBC3C45_LEFT,,L,/assets/cabinet-islands/component-cabinets/SBC3C45/2d/SBC3C45_LEFT.webp,,none,,NEEDS 3D MODEL
Cabinet Islands,Component Cabinets,SBC3C45,SBC3C45_RIGHT,,R,/assets/cabinet-islands/component-cabinets/SBC3C45/2d/SBC3C45_RIGHT.webp,,none,,NEEDS 3D MODEL
Cabinet Islands,Component Cabinets,SBC6SPEL,SBC6SPEL,,,/assets/cabinet-islands/component-cabinets/SBC6SPEL/2d/SBC6SPEL.webp,/assets/cabinet-islands/component-cabinets/SBC6SPEL/3d/SBC6SPEL.glb,real,,COMPLETE
Cabinet Islands,Component Cabinets,SCC15SPE,SCC15SPE,,,/assets/cabinet-islands/component-cabinets/SCC15SPE/2d/SCC15SPE.webp,/assets/cabinet-islands/component-cabinets/SCC15SPE/3d/SCC15SPE.glb,real,,COMPLETE
Cabinet Islands,Component Cabinets,SCC15SPE-W,SCC15SPE-W,,,,/assets/cabinet-islands/component-cabinets/SCC15SPE-W/3d/SCC15SPE-W.glb,real,,NEEDS 2D IMAGE
Cabinet Islands,Component Cabinets,SCC21SPE,SCC21SPE,,,/assets/cabinet-islands/component-cabinets/SCC21SPE/2d/SCC21SPE.webp,/assets/cabinet-islands/component-cabinets/SCC21SPE/3d/SCC21SPE.glb,real,,COMPLETE
Cabinet Islands,Component Cabinets,SCC21SPE-W,SCC21SPE-W,,,,/assets/cabinet-islands/component-cabinets/SCC21SPE-W/3d/SCC21SPE-W.glb,real,,NEEDS 2D IMAGE
Cabinet Islands,Component Cabinets,SCC25SPE,SCC25SPE,,,/assets/cabinet-islands/component-cabinets/SCC25SPE/2d/SCC25SPE.webp,/assets/cabinet-islands/component-cabinets/SCC25SPE/3d/SCC25SPE.glb,real,,COMPLETE
Cabinet Islands,Component Cabinets,SCC25SPE-W,SCC25SPE-W,,,,/assets/cabinet-islands/component-cabinets/SCC25SPE-W/3d/SCC25SPE-W.glb,real,,NEEDS 2D IMAGE
Cabinet Islands,Component Cabinets,SCC27EP,SCC27EP_SCC25KP_LEFT,SCC25KP,L,,/assets/cabinet-islands/component-cabinets/SCC27EP/3d/SCC27EP_SCC25KP_LEFT.glb,real,,NEEDS 2D IMAGE
Cabinet Islands,Component Cabinets,SCC27EP,SCC27EP_SCC25KP_RIGHT,SCC25KP,R,,/assets/cabinet-islands/component-cabinets/SCC27EP/3d/SCC27EP_SCC25KP_RIGHT.glb,real,,NEEDS 2D IMAGE
Cabinet Islands,Component Cabinets,SCC31BP90,SCC31BP90,,,,/assets/cabinet-islands/component-cabinets/SCC31BP90/3d/SCC31BP90.glb,real,,NEEDS 2D IMAGE
Cabinet Islands,Component Cabinets,SCC31BP90,SCC31BP90_ASS17,ASS17,,,/assets/cabinet-islands/component-cabinets/SCC31BP90/3d/SCC31BP90_ASS17.glb,real,,NEEDS 2D IMAGE
Cabinet Islands,Component Cabinets,SCC31BP90,SCC31BP90_ASS17_LEFT,ASS17,L,/assets/cabinet-islands/component-cabinets/SCC31BP90/2d/SCC31BP90_ASS17_LEFT.webp,,none,,NEEDS 3D MODEL
Cabinet Islands,Component Cabinets,SCC31BP90,SCC31BP90_ASS17_RIGHT,ASS17,R,/assets/cabinet-islands/component-cabinets/SCC31BP90/2d/SCC31BP90_ASS17_RIGHT.webp,,none,,NEEDS 3D MODEL
Cabinet Islands,Component Cabinets,SCC31BP90,SCC31BP90_LEFT,,L,/assets/cabinet-islands/component-cabinets/SCC31BP90/2d/SCC31BP90_LEFT.webp,,none,,NEEDS 3D MODEL
Cabinet Islands,Component Cabinets,SCC31BP90,SCC31BP90_RIGHT,,R,/assets/cabinet-islands/component-cabinets/SCC31BP90/2d/SCC31BP90_RIGHT.webp,,none,,NEEDS 3D MODEL
Cabinet Islands,Component Cabinets,SCC3CSP,SCC3CSP,,,,/assets/cabinet-islands/component-cabinets/SCC3CSP/3d/SCC3CSP.glb,real,,NEEDS 2D IMAGE
Cabinet Islands,Component Cabinets,SCC3ENDSPL,SCC3ENDSPL_LEFT,,L,,/assets/cabinet-islands/component-cabinets/SCC3ENDSPL/3d/SCC3ENDSPL_LEFT.glb,real,,NEEDS 2D IMAGE
Cabinet Islands,Component Cabinets,SCC3ENDSPR,SCC3ENDSPR_RIGHT,,R,,/assets/cabinet-islands/component-cabinets/SCC3ENDSPR/3d/SCC3ENDSPR_RIGHT.glb,real,,NEEDS 2D IMAGE
Cabinet Islands,Component Cabinets,SCC3SP90,SCC3SP90,,,,/assets/cabinet-islands/component-cabinets/SCC3SP90/3d/SCC3SP90.glb,real,,NEEDS 2D IMAGE
Cabinet Islands,Component Cabinets,SCC3SP90,SCC3SP90_ASS17,ASS17,,,/assets/cabinet-islands/component-cabinets/SCC3SP90/3d/SCC3SP90_ASS17.glb,real,,NEEDS 2D IMAGE
Cabinet Islands,Component Cabinets,SCC3SP90,SCC3SP90_ASS17_LEFT,ASS17,L,/assets/cabinet-islands/component-cabinets/SCC3SP90/2d/SCC3SP90_ASS17_LEFT.webp,,none,,NEEDS 3D MODEL
Cabinet Islands,Component Cabinets,SCC3SP90,SCC3SP90_ASS17_RIGHT,ASS17,R,/assets/cabinet-islands/component-cabinets/SCC3SP90/2d/SCC3SP90_ASS17_RIGHT.webp,,none,,NEEDS 3D MODEL
Cabinet Islands,Component Cabinets,SCC3SP90,SCC3SP90_LEFT,,L,/assets/cabinet-islands/component-cabinets/SCC3SP90/2d/SCC3SP90_LEFT.webp,,none,,NEEDS 3D MODEL
Cabinet Islands,Component Cabinets,SCC3SP90,SCC3SP90_RIGHT,,R,/assets/cabinet-islands/component-cabinets/SCC3SP90/2d/SCC3SP90_RIGHT.webp,,none,,NEEDS 3D MODEL
Cabinet Islands,Component Cabinets,SCC3SP90,SCC3SP90_SUN13VSB,SUN13VSB,,,/assets/cabinet-islands/component-cabinets/SCC3SP90/3d/SCC3SP90_SUN13VSB.glb,placeholder,,NEEDS 2D + 3D
Cabinet Islands,Component Cabinets,SCC3SP90,SCC3SP90_SUN13VSB_LEFT,SUN13VSB,L,/assets/cabinet-islands/component-cabinets/SCC3SP90/2d/SCC3SP90_SUN13VSB_LEFT.webp,,none,,NEEDS 3D MODEL
Cabinet Islands,Component Cabinets,SCC3SP90,SCC3SP90_SUN13VSB_RIGHT,SUN13VSB,R,/assets/cabinet-islands/component-cabinets/SCC3SP90/2d/SCC3SP90_SUN13VSB_RIGHT.webp,,none,,NEEDS 3D MODEL
Cabinet Islands,Component Cabinets,SCC3SPF,SCC3SPF,,,/assets/cabinet-islands/component-cabinets/SCC3SPF/2d/SCC3SPF.webp,,none,,NEEDS 3D MODEL
Cabinet Islands,Component Cabinets,SCC3SPF,SCC3SPF_SCC3SPB,SCC3SPB,,,/assets/cabinet-islands/component-cabinets/SCC3SPF/3d/SCC3SPF_SCC3SPB.glb,real,,NEEDS 2D IMAGE
Cabinet Islands,Component Cabinets,SCC4SPEL,SCC4SPEL,,,,/assets/cabinet-islands/component-cabinets/SCC4SPEL/3d/SCC4SPEL.glb,real,,NEEDS 2D IMAGE
Cabinet Islands,Component Cabinets,SCC4SPEL,SCC4SPEL_LEFT,,L,/assets/cabinet-islands/component-cabinets/SCC4SPEL/2d/SCC4SPEL_LEFT.webp,,none,,NEEDS 3D MODEL
Cabinet Islands,Component Cabinets,SCC4SPER,SCC4SPER,,,,/assets/cabinet-islands/component-cabinets/SCC4SPER/3d/SCC4SPER.glb,real,,NEEDS 2D IMAGE
Cabinet Islands,Component Cabinets,SCC4SPER,SCC4SPER_RIGHT,,R,/assets/cabinet-islands/component-cabinets/SCC4SPER/2d/SCC4SPER_RIGHT.webp,,none,,NEEDS 3D MODEL
Cabinet Islands,Component Cabinets,SCC6SPF,SCC6SPF,,,/assets/cabinet-islands/component-cabinets/SCC6SPF/2d/SCC6SPF.webp,,none,,NEEDS 3D MODEL
Cabinet Islands,Component Cabinets,SCC6SPF,SCC6SPF_SCC6SPB,SCC6SPB,,,/assets/cabinet-islands/component-cabinets/SCC6SPF/3d/SCC6SPF_SCC6SPB.glb,real,,NEEDS 2D IMAGE
Cabinet Islands,Grill Cabinets,SAC20CSDL,SAC20CSDL,,,/assets/cabinet-islands/grill-cabinets/SAC20CSDL/2d/SAC20CSDL.webp,/assets/cabinet-islands/grill-cabinets/SAC20CSDL/3d/SAC20CSDL.glb,real,/assets/cabinet-islands/grill-cabinets/SAC20CSDL/photo/SAC20CSDL.png,COMPLETE
Cabinet Islands,Grill Cabinets,SAC20CSDL,SAC20CSDL_BCS14,BCS14,,,/assets/cabinet-islands/grill-cabinets/SAC20CSDL/3d/SAC20CSDL_BCS14.glb,real,,NEEDS 2D IMAGE
Cabinet Islands,Grill Cabinets,SAC20CSDL,SAC20CSDL_BRBC14,BRBC14,,/assets/cabinet-islands/grill-cabinets/SAC20CSDL/2d/SAC20CSDL_BRBC14.webp,/assets/cabinet-islands/grill-cabinets/SAC20CSDL/3d/SAC20CSDL_BRBC14.glb,real,/assets/cabinet-islands/grill-cabinets/SAC20CSDL/photo/SAC20CSDL_BRBC14.png,COMPLETE
Cabinet Islands,Grill Cabinets,SAC20CSDL,SAC20CSDL_SUN13CPRO,SUN13CPRO,,/assets/cabinet-islands/grill-cabinets/SAC20CSDL/2d/SAC20CSDL_SUN13CPRO.webp,/assets/cabinet-islands/grill-cabinets/SAC20CSDL/3d/SAC20CSDL_SUN13CPRO.glb,real,/assets/cabinet-islands/grill-cabinets/SAC20CSDL/photo/SAC20CSDL_SUN13CPRO.png,COMPLETE
Cabinet Islands,Grill Cabinets,SAC20CSDL,SAC20CSDL_SUN13VDB,SUN13VDB,,/assets/cabinet-islands/grill-cabinets/SAC20CSDL/2d/SAC20CSDL_SUN13VDB.webp,/assets/cabinet-islands/grill-cabinets/SAC20CSDL/3d/SAC20CSDL_SUN13VDB.glb,real,/assets/cabinet-islands/grill-cabinets/SAC20CSDL/photo/SAC20CSDL_SUN13VDB.png,COMPLETE
Cabinet Islands,Grill Cabinets,SAC20CSDL,SAC20CSDL_SUN13VDSB,SUN13VDSB,,,/assets/cabinet-islands/grill-cabinets/SAC20CSDL/3d/SAC20CSDL_SUN13VDSB.glb,real,,NEEDS 2D IMAGE
Cabinet Islands,Grill Cabinets,SAC20CSDR,SAC20CSDR,,,/assets/cabinet-islands/grill-cabinets/SAC20CSDR/2d/SAC20CSDR.webp,/assets/cabinet-islands/grill-cabinets/SAC20CSDR/3d/SAC20CSDR.glb,real,/assets/cabinet-islands/grill-cabinets/SAC20CSDR/photo/SAC20CSDR.png,COMPLETE
Cabinet Islands,Grill Cabinets,SAC20CSDR,SAC20CSDR_BCS14,BCS14,,,/assets/cabinet-islands/grill-cabinets/SAC20CSDR/3d/SAC20CSDR_BCS14.glb,real,,NEEDS 2D IMAGE
Cabinet Islands,Grill Cabinets,SAC20CSDR,SAC20CSDR_BRBC14,BRBC14,,/assets/cabinet-islands/grill-cabinets/SAC20CSDR/2d/SAC20CSDR_BRBC14.webp,/assets/cabinet-islands/grill-cabinets/SAC20CSDR/3d/SAC20CSDR_BRBC14.glb,real,/assets/cabinet-islands/grill-cabinets/SAC20CSDR/photo/SAC20CSDR_BRBC14.png,COMPLETE
Cabinet Islands,Grill Cabinets,SAC20CSDR,SAC20CSDR_SUN13CPRO,SUN13CPRO,,/assets/cabinet-islands/grill-cabinets/SAC20CSDR/2d/SAC20CSDR_SUN13CPRO.webp,/assets/cabinet-islands/grill-cabinets/SAC20CSDR/3d/SAC20CSDR_SUN13CPRO.glb,real,/assets/cabinet-islands/grill-cabinets/SAC20CSDR/photo/SAC20CSDR_SUN13CPRO.png,COMPLETE
Cabinet Islands,Grill Cabinets,SAC20CSDR,SAC20CSDR_SUN13VDB,SUN13VDB,,/assets/cabinet-islands/grill-cabinets/SAC20CSDR/2d/SAC20CSDR_SUN13VDB.webp,/assets/cabinet-islands/grill-cabinets/SAC20CSDR/3d/SAC20CSDR_SUN13VDB.glb,real,/assets/cabinet-islands/grill-cabinets/SAC20CSDR/photo/SAC20CSDR_SUN13VDB.png,COMPLETE
Cabinet Islands,Grill Cabinets,SAC20CSDR,SAC20CSDR_SUN13VDSB,SUN13VDSB,,,/assets/cabinet-islands/grill-cabinets/SAC20CSDR/3d/SAC20CSDR_SUN13VDSB.glb,real,,NEEDS 2D IMAGE
Cabinet Islands,Grill Cabinets,SAC24APC,SAC24APC,,,/assets/cabinet-islands/grill-cabinets/SAC24APC/2d/SAC24APC.webp,/assets/cabinet-islands/grill-cabinets/SAC24APC/3d/SAC24APC.glb,real,/assets/cabinet-islands/grill-cabinets/SAC24APC/photo/SAC24APC.png,COMPLETE
Cabinet Islands,Grill Cabinets,SAC30APC,SAC30APC,,,/assets/cabinet-islands/grill-cabinets/SAC30APC/2d/SAC30APC.webp,/assets/cabinet-islands/grill-cabinets/SAC30APC/3d/SAC30APC.glb,real,/assets/cabinet-islands/grill-cabinets/SAC30APC/photo/SAC30APC.png,COMPLETE
Cabinet Islands,Grill Cabinets,SAC30APC,SAC30APC_SAPFR21PRO,SAPFR21PRO,,/assets/cabinet-islands/grill-cabinets/SAC30APC/2d/SAC30APC_SAPFR21PRO.webp,/assets/cabinet-islands/grill-cabinets/SAC30APC/3d/SAC30APC_SAPFR21PRO.glb,real,/assets/cabinet-islands/grill-cabinets/SAC30APC/photo/SAC30APC_SAPFR21PRO.png,COMPLETE
Cabinet Islands,Grill Cabinets,SAC30KBDC,SAC30KBDC,,,,/assets/cabinet-islands/grill-cabinets/SAC30KBDC/3d/SAC30KBDC.glb,real,,NEEDS 2D IMAGE
Cabinet Islands,Grill Cabinets,SAC30KBDC,SAC30KBDC_KAMADO_OPEN,KAMADO_OPEN,,/assets/cabinet-islands/grill-cabinets/SAC30KBDC/2d/SAC30KBDC_KAMADO_OPEN.webp,/assets/cabinet-islands/grill-cabinets/SAC30KBDC/3d/SAC30KBDC_KAMADO_OPEN.glb,real,,COMPLETE
Cabinet Islands,Grill Cabinets,SAC30KBDC,SAC30KBDC_KAMADO_RAIL,KAMADO_RAIL,,/assets/cabinet-islands/grill-cabinets/SAC30KBDC/2d/SAC30KBDC_KAMADO_RAIL.webp,/assets/cabinet-islands/grill-cabinets/SAC30KBDC/3d/SAC30KBDC_KAMADO_RAIL.glb,real,/assets/cabinet-islands/grill-cabinets/SAC30KBDC/photo/SAC30KBDC_KAMADO_RAIL.png,COMPLETE
Cabinet Islands,Grill Cabinets,SAC30KBDC,SAC30KBDC_KAMADO_SHELF,KAMADO_SHELF,,/assets/cabinet-islands/grill-cabinets/SAC30KBDC/2d/SAC30KBDC_KAMADO_SHELF.webp,/assets/cabinet-islands/grill-cabinets/SAC30KBDC/3d/SAC30KBDC_KAMADO_SHELF.glb,real,/assets/cabinet-islands/grill-cabinets/SAC30KBDC/photo/SAC30KBDC_KAMADO_SHELF.png,COMPLETE
Cabinet Islands,Grill Cabinets,SAC30KBDC,SAC30KBDC_KAMADO_SHORT,KAMADO_SHORT,,,/assets/cabinet-islands/grill-cabinets/SAC30KBDC/3d/SAC30KBDC_KAMADO_SHORT.glb,real,,NEEDS 2D IMAGE
Cabinet Islands,Grill Cabinets,SAC30KBDC,SAC30KBDC_SUN24PCB_BURNER,SUN24PCB_BURNER,,/assets/cabinet-islands/grill-cabinets/SAC30KBDC/2d/SAC30KBDC_SUN24PCB_BURNER.webp,/assets/cabinet-islands/grill-cabinets/SAC30KBDC/3d/SAC30KBDC_SUN24PCB_BURNER.glb,real,/assets/cabinet-islands/grill-cabinets/SAC30KBDC/photo/SAC30KBDC_SUN24PCB_BURNER.png,COMPLETE
Cabinet Islands,Grill Cabinets,SAC30KBDC,SAC30KBDC_SUN24PCB_GRIDDLE,SUN24PCB_GRIDDLE,,/assets/cabinet-islands/grill-cabinets/SAC30KBDC/2d/SAC30KBDC_SUN24PCB_GRIDDLE.webp,/assets/cabinet-islands/grill-cabinets/SAC30KBDC/3d/SAC30KBDC_SUN24PCB_GRIDDLE.glb,real,/assets/cabinet-islands/grill-cabinets/SAC30KBDC/photo/SAC30KBDC_SUN24PCB_GRIDDLE.png,COMPLETE
Cabinet Islands,Grill Cabinets,SAC33PBDC,SAC33PBDC,,,,/assets/cabinet-islands/grill-cabinets/SAC33PBDC/3d/SAC33PBDC.glb,real,,NEEDS 2D IMAGE
Cabinet Islands,Grill Cabinets,SAC33PBDC,SAC33PBDC_SUN24PCB,SUN24PCB,,/assets/cabinet-islands/grill-cabinets/SAC33PBDC/2d/SAC33PBDC_SUN24PCB.webp,/assets/cabinet-islands/grill-cabinets/SAC33PBDC/3d/SAC33PBDC_SUN24PCB.glb,placeholder,/assets/cabinet-islands/grill-cabinets/SAC33PBDC/photo/SAC33PBDC_SUN24PCB.png,NEEDS 3D MODEL
Cabinet Islands,Grill Cabinets,SAC34APC,SAC34APC,,,/assets/cabinet-islands/grill-cabinets/SAC34APC/2d/SAC34APC.webp,/assets/cabinet-islands/grill-cabinets/SAC34APC/3d/SAC34APC.glb,real,/assets/cabinet-islands/grill-cabinets/SAC34APC/photo/SAC34APC.png,COMPLETE
Cabinet Islands,Grill Cabinets,SAC34CGDC,SAC34CGDC,,,/assets/cabinet-islands/grill-cabinets/SAC34CGDC/2d/SAC34CGDC.webp,/assets/cabinet-islands/grill-cabinets/SAC34CGDC/3d/SAC34CGDC.glb,real,/assets/cabinet-islands/grill-cabinets/SAC34CGDC/photo/SAC34CGDC.png,COMPLETE
Cabinet Islands,Grill Cabinets,SAC34CGDC,SAC34CGDC_SUNCHSZ30,SUNCHSZ30,,/assets/cabinet-islands/grill-cabinets/SAC34CGDC/2d/SAC34CGDC_SUNCHSZ30.webp,/assets/cabinet-islands/grill-cabinets/SAC34CGDC/3d/SAC34CGDC_SUNCHSZ30.glb,placeholder,/assets/cabinet-islands/grill-cabinets/SAC34CGDC/photo/SAC34CGDC_SUNCHSZ30.png,NEEDS 3D MODEL
Cabinet Islands,Grill Cabinets,SAC34CGDC,SAC34CGDC_SUNCHSZ30IR,SUNCHSZ30IR,,,/assets/cabinet-islands/grill-cabinets/SAC34CGDC/3d/SAC34CGDC_SUNCHSZ30IR.glb,placeholder,,NEEDS 2D + 3D
Cabinet Islands,Grill Cabinets,SAC34DWC,SAC34DWC,,,/assets/cabinet-islands/grill-cabinets/SAC34DWC/2d/SAC34DWC.webp,/assets/cabinet-islands/grill-cabinets/SAC34DWC/3d/SAC34DWC.glb,real,,COMPLETE
Cabinet Islands,Grill Cabinets,SAC34DWC,SAC34DWC_SAP30WDPROx2,SAP30WDPROx2,,/assets/cabinet-islands/grill-cabinets/SAC34DWC/2d/SAC34DWC_SAP30WDPROx2.webp,/assets/cabinet-islands/grill-cabinets/SAC34DWC/3d/SAC34DWC_SAP30WDPROx2.glb,placeholder,,NEEDS 3D MODEL
Cabinet Islands,Grill Cabinets,SAC34GLPCD,SAC34GLPCD,,,/assets/cabinet-islands/grill-cabinets/SAC34GLPCD/2d/SAC34GLPCD.webp,/assets/cabinet-islands/grill-cabinets/SAC34GLPCD/3d/SAC34GLPCD.glb,real,,COMPLETE
Cabinet Islands,Grill Cabinets,SAC34GLPCD,SAC34GLPCD_RUBY3B,RUBY3B,,/assets/cabinet-islands/grill-cabinets/SAC34GLPCD/2d/SAC34GLPCD_RUBY3B.webp,/assets/cabinet-islands/grill-cabinets/SAC34GLPCD/3d/SAC34GLPCD_RUBY3B.glb,placeholder,,NEEDS 3D MODEL
Cabinet Islands,Grill Cabinets,SAC40GLPCD,SAC40GLPCD,,,/assets/cabinet-islands/grill-cabinets/SAC40GLPCD/2d/SAC40GLPCD.webp,/assets/cabinet-islands/grill-cabinets/SAC40GLPCD/3d/SAC40GLPCD.glb,placeholder,,NEEDS 3D MODEL
Cabinet Islands,Grill Cabinets,SAC40GLPCD,SAC40GLPCD_RUBY4B,RUBY4B,,/assets/cabinet-islands/grill-cabinets/SAC40GLPCD/2d/SAC40GLPCD_RUBY4B.webp,/assets/cabinet-islands/grill-cabinets/SAC40GLPCD/3d/SAC40GLPCD_RUBY4B.glb,placeholder,,NEEDS 3D MODEL
Cabinet Islands,Grill Cabinets,SAC40GLPCD,SAC40GLPCD_RUBY4BIR,RUBY4BIR,,,/assets/cabinet-islands/grill-cabinets/SAC40GLPCD/3d/SAC40GLPCD_RUBY4BIR.glb,placeholder,,NEEDS 2D + 3D
Cabinet Islands,Grill Cabinets,SAC46CGDC,SAC46CGDC,,,/assets/cabinet-islands/grill-cabinets/SAC46CGDC/2d/SAC46CGDC.webp,/assets/cabinet-islands/grill-cabinets/SAC46CGDC/3d/SAC46CGDC.glb,placeholder,,NEEDS 3D MODEL
Cabinet Islands,Grill Cabinets,SAC46CGDC,SAC46CGDC_EMCHDZ42,EMCHDZ42,,,/assets/cabinet-islands/grill-cabinets/SAC46CGDC/3d/SAC46CGDC_EMCHDZ42.glb,placeholder,,NEEDS 2D + 3D
Cabinet Islands,Grill Cabinets,SAC46CGDC,SAC46CGDC_SUNCHDZ42,SUNCHDZ42,,/assets/cabinet-islands/grill-cabinets/SAC46CGDC/2d/SAC46CGDC_SUNCHDZ42.webp,/assets/cabinet-islands/grill-cabinets/SAC46CGDC/3d/SAC46CGDC_SUNCHDZ42.glb,placeholder,,NEEDS 3D MODEL
Cabinet Islands,Grill Cabinets,SAC46GLPCD,SAC46GLPCD,,,/assets/cabinet-islands/grill-cabinets/SAC46GLPCD/2d/SAC46GLPCD.webp,/assets/cabinet-islands/grill-cabinets/SAC46GLPCD/3d/SAC46GLPCD.glb,placeholder,,NEEDS 3D MODEL
Cabinet Islands,Grill Cabinets,SAC46GLPCD,SAC46GLPCD_RUBY5BIR,RUBY5BIR,,/assets/cabinet-islands/grill-cabinets/SAC46GLPCD/2d/SAC46GLPCD_RUBY5BIR.webp,/assets/cabinet-islands/grill-cabinets/SAC46GLPCD/3d/SAC46GLPCD_RUBY5BIR.glb,placeholder,/assets/cabinet-islands/grill-cabinets/SAC46GLPCD/photo/SAC46GLPCD_RUBY5BIR.png,NEEDS 3D MODEL
Cabinet Islands,Grill Cabinets,SBC34DWC,SBC34DWC,,,,/assets/cabinet-islands/grill-cabinets/SBC34DWC/3d/SBC34DWC.glb,real,,NEEDS 2D IMAGE
Cabinet Islands,Grill Cabinets,SBC34WDPC,SBC34WDPC,,,,/assets/cabinet-islands/grill-cabinets/SBC34WDPC/3d/SBC34WDPC.glb,real,,NEEDS 2D IMAGE
Cabinet Islands,Sink Base Cabinets,ADA44BA,ADA44BA_ADASK37,ADASK37,,,/assets/cabinet-islands/sink-base-cabinets/ADA44BA/3d/ADA44BA_ADASK37.glb,real,,NEEDS 2D IMAGE
Cabinet Islands,Sink Base Cabinets,ADA44BC,ADA44BC,,,,/assets/cabinet-islands/sink-base-cabinets/ADA44BC/3d/ADA44BC.glb,placeholder,,NEEDS 2D + 3D
Cabinet Islands,Sink Base Cabinets,SBC18FSDL,SBC18FSDL,,,/assets/cabinet-islands/sink-base-cabinets/SBC18FSDL/2d/SBC18FSDL.webp,/assets/cabinet-islands/sink-base-cabinets/SBC18FSDL/3d/SBC18FSDL.glb,real,,COMPLETE
Cabinet Islands,Sink Base Cabinets,SBC18FSDL,SBC18FSDL_ASS17,ASS17,,/assets/cabinet-islands/sink-base-cabinets/SBC18FSDL/2d/SBC18FSDL_ASS17.webp,/assets/cabinet-islands/sink-base-cabinets/SBC18FSDL/3d/SBC18FSDL_ASS17.glb,real,,COMPLETE
Cabinet Islands,Sink Base Cabinets,SBC18FSDL,SBC18FSDL_BIC14,BIC14,,/assets/cabinet-islands/sink-base-cabinets/SBC18FSDL/2d/SBC18FSDL_BIC14.webp,/assets/cabinet-islands/sink-base-cabinets/SBC18FSDL/3d/SBC18FSDL_BIC14.glb,real,,COMPLETE
Cabinet Islands,Sink Base Cabinets,SBC18FSDL,SBC18FSDL_SUN13VSB,SUN13VSB,,/assets/cabinet-islands/sink-base-cabinets/SBC18FSDL/2d/SBC18FSDL_SUN13VSB.webp,/assets/cabinet-islands/sink-base-cabinets/SBC18FSDL/3d/SBC18FSDL_SUN13VSB.glb,placeholder,,NEEDS 3D MODEL
Cabinet Islands,Sink Base Cabinets,SBC18FSDR,SBC18FSDR,,,/assets/cabinet-islands/sink-base-cabinets/SBC18FSDR/2d/SBC18FSDR.webp,/assets/cabinet-islands/sink-base-cabinets/SBC18FSDR/3d/SBC18FSDR.glb,real,,COMPLETE
Cabinet Islands,Sink Base Cabinets,SBC18FSDR,SBC18FSDR_ASS17,ASS17,,/assets/cabinet-islands/sink-base-cabinets/SBC18FSDR/2d/SBC18FSDR_ASS17.webp,/assets/cabinet-islands/sink-base-cabinets/SBC18FSDR/3d/SBC18FSDR_ASS17.glb,real,,COMPLETE
Cabinet Islands,Sink Base Cabinets,SBC18FSDR,SBC18FSDR_BIC14,BIC14,,/assets/cabinet-islands/sink-base-cabinets/SBC18FSDR/2d/SBC18FSDR_BIC14.webp,/assets/cabinet-islands/sink-base-cabinets/SBC18FSDR/3d/SBC18FSDR_BIC14.glb,real,,COMPLETE
Cabinet Islands,Sink Base Cabinets,SBC18FSDR,SBC18FSDR_SUN13VSB,SUN13VSB,,/assets/cabinet-islands/sink-base-cabinets/SBC18FSDR/2d/SBC18FSDR_SUN13VSB.webp,/assets/cabinet-islands/sink-base-cabinets/SBC18FSDR/3d/SBC18FSDR_SUN13VSB.glb,placeholder,,NEEDS 3D MODEL
Cabinet Islands,Sink Base Cabinets,SBC24CDD,SBC24CDD,,,/assets/cabinet-islands/sink-base-cabinets/SBC24CDD/2d/SBC24CDD.webp,,none,,NEEDS 3D MODEL
Cabinet Islands,Sink Base Cabinets,SBC24CDD,SBC24CDD_BPS21,BPS21,,/assets/cabinet-islands/sink-base-cabinets/SBC24CDD/2d/SBC24CDD_BPS21.webp,/assets/cabinet-islands/sink-base-cabinets/SBC24CDD/3d/SBC24CDD_BPS21.glb,real,,COMPLETE
Cabinet Islands,Sink Base Cabinets,SBC24FDD,SBC24FDD,,,/assets/cabinet-islands/sink-base-cabinets/SBC24FDD/2d/SBC24FDD.webp,/assets/cabinet-islands/sink-base-cabinets/SBC24FDD/3d/SBC24FDD.glb,real,,COMPLETE
Cabinet Islands,Sink Base Cabinets,SBC24FDD,SBC24FDD_BPS21,BPS21,,/assets/cabinet-islands/sink-base-cabinets/SBC24FDD/2d/SBC24FDD_BPS21.webp,/assets/cabinet-islands/sink-base-cabinets/SBC24FDD/3d/SBC24FDD_BPS21.glb,real,,COMPLETE
Cabinet Islands,Sink Base Cabinets,SBC30CDD,SBC30CDD,,,/assets/cabinet-islands/sink-base-cabinets/SBC30CDD/2d/SBC30CDD.webp,/assets/cabinet-islands/sink-base-cabinets/SBC30CDD/3d/SBC30CDD.glb,real,,COMPLETE
Cabinet Islands,Sink Base Cabinets,SBC30CDD,SBC30CDD_BPS21,BPS21,,/assets/cabinet-islands/sink-base-cabinets/SBC30CDD/2d/SBC30CDD_BPS21.webp,/assets/cabinet-islands/sink-base-cabinets/SBC30CDD/3d/SBC30CDD_BPS21.glb,real,,COMPLETE
Cabinet Islands,Sink Base Cabinets,SBC30CDD,SBC30CDD_BSK34,BSK34,,/assets/cabinet-islands/sink-base-cabinets/SBC30CDD/2d/SBC30CDD_BSK34.webp,,none,,NEEDS 3D MODEL
Cabinet Islands,Sink Base Cabinets,SBC30FDD,SBC30FDD,,,/assets/cabinet-islands/sink-base-cabinets/SBC30FDD/2d/SBC30FDD.webp,/assets/cabinet-islands/sink-base-cabinets/SBC30FDD/3d/SBC30FDD.glb,real,,COMPLETE
Cabinet Islands,Sink Base Cabinets,SBC30FDD,SBC30FDD_BPS21,BPS21,,/assets/cabinet-islands/sink-base-cabinets/SBC30FDD/2d/SBC30FDD_BPS21.webp,/assets/cabinet-islands/sink-base-cabinets/SBC30FDD/3d/SBC30FDD_BPS21.glb,real,,COMPLETE
Cabinet Islands,Sink Base Cabinets,SBC34FDD,SBC34FDD_BSK34,BSK34,,/assets/cabinet-islands/sink-base-cabinets/SBC34FDD/2d/SBC34FDD_BSK34.webp,,none,,NEEDS 3D MODEL
Cabinet Islands,Sink Base Cabinets,SBC36CDD,SBC36CDD,,,/assets/cabinet-islands/sink-base-cabinets/SBC36CDD/2d/SBC36CDD.webp,/assets/cabinet-islands/sink-base-cabinets/SBC36CDD/3d/SBC36CDD.glb,real,,COMPLETE
Cabinet Islands,Sink Base Cabinets,SBC36CDD,SBC36CDD_AIC,AIC,,/assets/cabinet-islands/sink-base-cabinets/SBC36CDD/2d/SBC36CDD_AIC.webp,/assets/cabinet-islands/sink-base-cabinets/SBC36CDD/3d/SBC36CDD_AIC.glb,real,,COMPLETE
Cabinet Islands,Sink Base Cabinets,SBC36CDD,SBC36CDD_BPS21,BPS21,,/assets/cabinet-islands/sink-base-cabinets/SBC36CDD/2d/SBC36CDD_BPS21.webp,/assets/cabinet-islands/sink-base-cabinets/SBC36CDD/3d/SBC36CDD_BPS21.glb,real,,COMPLETE
Cabinet Islands,Sink Base Cabinets,SBC36CDD,SBC36CDD_SK34,SK34,,,/assets/cabinet-islands/sink-base-cabinets/SBC36CDD/3d/SBC36CDD_SK34.glb,real,,NEEDS 2D IMAGE
Cabinet Islands,Sink Base Cabinets,SBC36FDD,SBC36FDD,,,/assets/cabinet-islands/sink-base-cabinets/SBC36FDD/2d/SBC36FDD.webp,/assets/cabinet-islands/sink-base-cabinets/SBC36FDD/3d/SBC36FDD.glb,real,,COMPLETE
Cabinet Islands,Sink Base Cabinets,SBC36FDD,SBC36FDD_BPS21,BPS21,,,/assets/cabinet-islands/sink-base-cabinets/SBC36FDD/3d/SBC36FDD_BPS21.glb,real,,NEEDS 2D IMAGE
Cabinet Islands,Sink Base Cabinets,SBC36FDD,SBC36FDD_SK34,SK34,,,/assets/cabinet-islands/sink-base-cabinets/SBC36FDD/3d/SBC36FDD_SK34.glb,real,,NEEDS 2D IMAGE
Cabinet Islands,Storage Cabinets,SBC12SLS,SBC12SLS,,,,/assets/cabinet-islands/storage-cabinets/SBC12SLS/3d/SBC12SLS.glb,real,,NEEDS 2D IMAGE
Cabinet Islands,Storage Cabinets,SBC12SLS,SBC12SLS_RIGHT,,R,/assets/cabinet-islands/storage-cabinets/SBC12SLS/2d/SBC12SLS_RIGHT.webp,,none,,NEEDS 3D MODEL
Cabinet Islands,Storage Cabinets,SBC12SMD,SBC12SMD,,,,/assets/cabinet-islands/storage-cabinets/SBC12SMD/3d/SBC12SMD.glb,real,,NEEDS 2D IMAGE
Cabinet Islands,Storage Cabinets,SBC12SSRD,SBC12SSRD,,,/assets/cabinet-islands/storage-cabinets/SBC12SSRD/2d/SBC12SSRD.webp,/assets/cabinet-islands/storage-cabinets/SBC12SSRD/3d/SBC12SSRD.glb,real,,COMPLETE
Cabinet Islands,Storage Cabinets,SBC18CSDL,SBC18CSDL,,,/assets/cabinet-islands/storage-cabinets/SBC18CSDL/2d/SBC18CSDL.webp,/assets/cabinet-islands/storage-cabinets/SBC18CSDL/3d/SBC18CSDL.glb,real,,COMPLETE
Cabinet Islands,Storage Cabinets,SBC18CSDR,SBC18CSDR,,,/assets/cabinet-islands/storage-cabinets/SBC18CSDR/2d/SBC18CSDR.webp,/assets/cabinet-islands/storage-cabinets/SBC18CSDR/3d/SBC18CSDR.glb,real,,COMPLETE
Cabinet Islands,Storage Cabinets,SBC18DPIC,SBC18DPIC,,,/assets/cabinet-islands/storage-cabinets/SBC18DPIC/2d/SBC18DPIC.webp,/assets/cabinet-islands/storage-cabinets/SBC18DPIC/3d/SBC18DPIC.glb,real,,COMPLETE
Cabinet Islands,Storage Cabinets,SBC18SLPCD,SBC18SLPCD,,,/assets/cabinet-islands/storage-cabinets/SBC18SLPCD/2d/SBC18SLPCD.webp,/assets/cabinet-islands/storage-cabinets/SBC18SLPCD/3d/SBC18SLPCD.glb,real,,COMPLETE
Cabinet Islands,Storage Cabinets,SBC18STD,SBC18STD,,,/assets/cabinet-islands/storage-cabinets/SBC18STD/2d/SBC18STD.webp,/assets/cabinet-islands/storage-cabinets/SBC18STD/3d/SBC18STD.glb,real,/assets/cabinet-islands/storage-cabinets/SBC18STD/photo/SBC18STD.png,COMPLETE
Cabinet Islands,Storage Cabinets,SBC18STRD,SBC18STRD,,,/assets/cabinet-islands/storage-cabinets/SBC18STRD/2d/SBC18STRD.webp,/assets/cabinet-islands/storage-cabinets/SBC18STRD/3d/SBC18STRD.glb,real,,COMPLETE
Cabinet Islands,Storage Cabinets,SBC24STD,SBC24STD,,,/assets/cabinet-islands/storage-cabinets/SBC24STD/2d/SBC24STD.webp,/assets/cabinet-islands/storage-cabinets/SBC24STD/3d/SBC24STD.glb,real,,COMPLETE
Cabinet Islands,Storage Cabinets,SBC30DSPC,SBC30DSPC,,,/assets/cabinet-islands/storage-cabinets/SBC30DSPC/2d/SBC30DSPC.webp,/assets/cabinet-islands/storage-cabinets/SBC30DSPC/3d/SBC30DSPC.glb,real,,COMPLETE
Cabinet Islands,Storage Cabinets,SBC30STD,SBC30STD,,,/assets/cabinet-islands/storage-cabinets/SBC30STD/2d/SBC30STD.webp,/assets/cabinet-islands/storage-cabinets/SBC30STD/3d/SBC30STD.glb,real,,COMPLETE
Cabinet Islands,Wall Cabinets,SWC12SLS,SWC12SLS,,,,/assets/cabinet-islands/wall-cabinets/SWC12SLS/3d/SWC12SLS.glb,real,,NEEDS 2D IMAGE
Cabinet Islands,Wall Cabinets,SWC18CSDL,SWC18CSDL,,,,/assets/cabinet-islands/wall-cabinets/SWC18CSDL/3d/SWC18CSDL.glb,real,,NEEDS 2D IMAGE
Cabinet Islands,Wall Cabinets,SWC18CSDR,SWC18CSDR,,,,/assets/cabinet-islands/wall-cabinets/SWC18CSDR/3d/SWC18CSDR.glb,real,,NEEDS 2D IMAGE
Cabinet Islands,Wall Cabinets,SWC18FSDL,SWC18FSDL,,,,/assets/cabinet-islands/wall-cabinets/SWC18FSDL/3d/SWC18FSDL.glb,real,,NEEDS 2D IMAGE
Cabinet Islands,Wall Cabinets,SWC18FSDR,SWC18FSDR,,,,/assets/cabinet-islands/wall-cabinets/SWC18FSDR/3d/SWC18FSDR.glb,real,,NEEDS 2D IMAGE
Cabinet Islands,Wall Cabinets,SWC21EP,SWC21EP_LEFT,,L,,/assets/cabinet-islands/wall-cabinets/SWC21EP/3d/SWC21EP_LEFT.glb,real,,NEEDS 2D IMAGE
Cabinet Islands,Wall Cabinets,SWC21EP,SWC21EP_RIGHT,,R,,/assets/cabinet-islands/wall-cabinets/SWC21EP/3d/SWC21EP_RIGHT.glb,real,,NEEDS 2D IMAGE
Cabinet Islands,Wall Cabinets,SWC24FDD,SWC24FDD,,,,/assets/cabinet-islands/wall-cabinets/SWC24FDD/3d/SWC24FDD.glb,real,,NEEDS 2D IMAGE
Cabinet Islands,Wall Cabinets,SWC30FDD,SWC30FDD,,,,/assets/cabinet-islands/wall-cabinets/SWC30FDD/3d/SWC30FDD.glb,real,,NEEDS 2D IMAGE
Cabinet Islands,Wall Cabinets,SWC36FDD,SWC36FDD,,,,/assets/cabinet-islands/wall-cabinets/SWC36FDD/3d/SWC36FDD.glb,real,,NEEDS 2D IMAGE
Cabinet Islands,Wall Cabinets,SWC3SP90,SWC3SP90,,,,/assets/cabinet-islands/wall-cabinets/SWC3SP90/3d/SWC3SP90.glb,real,,NEEDS 2D IMAGE
Cabinet Islands,Wall Cabinets,SWC42EP,SWC42EP_LEFT,,L,,/assets/cabinet-islands/wall-cabinets/SWC42EP/3d/SWC42EP_LEFT.glb,real,,NEEDS 2D IMAGE
Cabinet Islands,Wall Cabinets,SWC42EP,SWC42EP_RIGHT,,R,,/assets/cabinet-islands/wall-cabinets/SWC42EP/3d/SWC42EP_RIGHT.glb,real,,NEEDS 2D IMAGE
Island Modules,Counter Bar,ISLAND_45ANGLE_COUNTERBAR,ISLAND_45ANGLE_COUNTERBAR,,,,/assets/island-modules/counter-bar/ISLAND_45ANGLE_COUNTERBAR/3d/ISLAND_45ANGLE_COUNTERBAR.glb,placeholder,/assets/island-modules/counter-bar/ISLAND_45ANGLE_COUNTERBAR/photo/ISLAND_45ANGLE_COUNTERBAR.jpg,NEEDS 2D + 3D
Island Modules,Counter Bar,ISLAND_COUNTERBAR_CORNER,ISLAND_COUNTERBAR_CORNER_LEFT,,L,,/assets/island-modules/counter-bar/ISLAND_COUNTERBAR_CORNER/3d/ISLAND_COUNTERBAR_CORNER_LEFT.glb,placeholder,/assets/island-modules/counter-bar/ISLAND_COUNTERBAR_CORNER/photo/ISLAND_COUNTERBAR_CORNER_LEFT.jpg,NEEDS 2D + 3D
Island Modules,Counter Bar,ISLAND_COUNTERBAR_CORNER,ISLAND_COUNTERBAR_CORNER_RIGHT,,R,,/assets/island-modules/counter-bar/ISLAND_COUNTERBAR_CORNER/3d/ISLAND_COUNTERBAR_CORNER_RIGHT.glb,placeholder,/assets/island-modules/counter-bar/ISLAND_COUNTERBAR_CORNER/photo/ISLAND_COUNTERBAR_CORNER_RIGHT.jpg,NEEDS 2D + 3D
Island Modules,Counter Bar,ISLAND_COUNTERBAR_ENDCAP,ISLAND_COUNTERBAR_ENDCAP_LEFT,,L,,/assets/island-modules/counter-bar/ISLAND_COUNTERBAR_ENDCAP/3d/ISLAND_COUNTERBAR_ENDCAP_LEFT.glb,placeholder,/assets/island-modules/counter-bar/ISLAND_COUNTERBAR_ENDCAP/photo/ISLAND_COUNTERBAR_ENDCAP_LEFT.jpg,NEEDS 2D + 3D
Island Modules,Counter Bar,ISLAND_COUNTERBAR_ENDCAP,ISLAND_COUNTERBAR_ENDCAP_RIGHT,,R,,/assets/island-modules/counter-bar/ISLAND_COUNTERBAR_ENDCAP/3d/ISLAND_COUNTERBAR_ENDCAP_RIGHT.glb,placeholder,/assets/island-modules/counter-bar/ISLAND_COUNTERBAR_ENDCAP/photo/ISLAND_COUNTERBAR_ENDCAP_RIGHT.jpg,NEEDS 2D + 3D
Island Modules,Counter Bar,ISLAND_COUNTERBAR_STRAIGHT_12,ISLAND_COUNTERBAR_STRAIGHT_12,,,,/assets/island-modules/counter-bar/ISLAND_COUNTERBAR_STRAIGHT_12/3d/ISLAND_COUNTERBAR_STRAIGHT_12.glb,placeholder,/assets/island-modules/counter-bar/ISLAND_COUNTERBAR_STRAIGHT_12/photo/ISLAND_COUNTERBAR_STRAIGHT_12.jpg,NEEDS 2D + 3D
Island Modules,Grill Jacket Packages,ISLAND_SUNJK18_22,ISLAND_SUNJK18_22,,,,/assets/island-modules/grill-jacket-packages/ISLAND_SUNJK18_22/3d/ISLAND_SUNJK18_22.glb,placeholder,/assets/island-modules/grill-jacket-packages/ISLAND_SUNJK18_22/photo/ISLAND_SUNJK18_22.jpg,NEEDS 2D + 3D
Island Modules,Grill Jacket Packages,ISLAND_SUNJK29_34,ISLAND_SUNJK29_34,,,,/assets/island-modules/grill-jacket-packages/ISLAND_SUNJK29_34/3d/ISLAND_SUNJK29_34.glb,placeholder,/assets/island-modules/grill-jacket-packages/ISLAND_SUNJK29_34/photo/ISLAND_SUNJK29_34.jpg,NEEDS 2D + 3D
Island Modules,Grill Jacket Packages,ISLAND_SUNJK33_40,ISLAND_SUNJK33_40,,,,/assets/island-modules/grill-jacket-packages/ISLAND_SUNJK33_40/3d/ISLAND_SUNJK33_40.glb,placeholder,/assets/island-modules/grill-jacket-packages/ISLAND_SUNJK33_40/photo/ISLAND_SUNJK33_40.jpg,NEEDS 2D + 3D
Island Modules,Grill Jacket Packages,ISLAND_SUNJK40_46,ISLAND_SUNJK40_46,,,,/assets/island-modules/grill-jacket-packages/ISLAND_SUNJK40_46/3d/ISLAND_SUNJK40_46.glb,placeholder,/assets/island-modules/grill-jacket-packages/ISLAND_SUNJK40_46/photo/ISLAND_SUNJK40_46.jpg,NEEDS 2D + 3D
Island Modules,Grill Jacket Packages,ISLAND_SUNJK45_50,ISLAND_SUNJK45_50,,,,/assets/island-modules/grill-jacket-packages/ISLAND_SUNJK45_50/3d/ISLAND_SUNJK45_50.glb,placeholder,/assets/island-modules/grill-jacket-packages/ISLAND_SUNJK45_50/photo/ISLAND_SUNJK45_50.jpg,NEEDS 2D + 3D
Island Modules,Grill Jacket Packages,SUNJK33,SUNJK33_SUNCHSZ30_POST,SUNCHSZ30_POST,,,/assets/island-modules/grill-jacket-packages/SUNJK33/3d/SUNJK33_SUNCHSZ30_POST.glb,placeholder,/assets/island-modules/grill-jacket-packages/SUNJK33/photo/SUNJK33_SUNCHSZ30_POST.jpg,NEEDS 2D + 3D
Island Modules,Raised Bar,ISLAND_45ANGLE_RAISEDBAR,ISLAND_45ANGLE_RAISEDBAR,,,,/assets/island-modules/raised-bar/ISLAND_45ANGLE_RAISEDBAR/3d/ISLAND_45ANGLE_RAISEDBAR.glb,placeholder,/assets/island-modules/raised-bar/ISLAND_45ANGLE_RAISEDBAR/photo/ISLAND_45ANGLE_RAISEDBAR.jpg,NEEDS 2D + 3D
Island Modules,Raised Bar,ISLAND_90CORNER_RAISEDBAR,ISLAND_90CORNER_RAISEDBAR,,,,/assets/island-modules/raised-bar/ISLAND_90CORNER_RAISEDBAR/3d/ISLAND_90CORNER_RAISEDBAR.glb,placeholder,/assets/island-modules/raised-bar/ISLAND_90CORNER_RAISEDBAR/photo/ISLAND_90CORNER_RAISEDBAR.jpg,NEEDS 2D + 3D
Island Modules,Raised Bar,ISLAND_RAISEDBAR_24,ISLAND_RAISEDBAR_24,,,,/assets/island-modules/raised-bar/ISLAND_RAISEDBAR_24/3d/ISLAND_RAISEDBAR_24.glb,placeholder,,NEEDS 2D + 3D
Island Modules,Raised Bar,ISLAND_RAISEDBAR_ROUNDEND,ISLAND_RAISEDBAR_ROUNDEND_LEFT,,L,,/assets/island-modules/raised-bar/ISLAND_RAISEDBAR_ROUNDEND/3d/ISLAND_RAISEDBAR_ROUNDEND_LEFT.glb,placeholder,,NEEDS 2D + 3D
Island Modules,Raised Bar,ISLAND_RAISEDBAR_ROUNDEND,ISLAND_RAISEDBAR_ROUNDEND_RIGHT,,R,,/assets/island-modules/raised-bar/ISLAND_RAISEDBAR_ROUNDEND/3d/ISLAND_RAISEDBAR_ROUNDEND_RIGHT.glb,placeholder,,NEEDS 2D + 3D
Island Modules,Raised Bar,ISLAND_RAISEDBAR_STRAIGHT_12,ISLAND_RAISEDBAR_STRAIGHT_12,,,,/assets/island-modules/raised-bar/ISLAND_RAISEDBAR_STRAIGHT_12/3d/ISLAND_RAISEDBAR_STRAIGHT_12.glb,placeholder,/assets/island-modules/raised-bar/ISLAND_RAISEDBAR_STRAIGHT_12/photo/ISLAND_RAISEDBAR_STRAIGHT_12.jpg,NEEDS 2D + 3D
Island Modules,Raised Bar,ISLAND_RAISEDBAR_STRAIGHT_24,ISLAND_RAISEDBAR_STRAIGHT_24,,,,/assets/island-modules/raised-bar/ISLAND_RAISEDBAR_STRAIGHT_24/3d/ISLAND_RAISEDBAR_STRAIGHT_24.glb,placeholder,,NEEDS 2D + 3D
Island Modules,Raised Bar,ISLAND_RAISEDBAR_STRAIGHT_36,ISLAND_RAISEDBAR_STRAIGHT_36,,,,/assets/island-modules/raised-bar/ISLAND_RAISEDBAR_STRAIGHT_36/3d/ISLAND_RAISEDBAR_STRAIGHT_36.glb,placeholder,,NEEDS 2D + 3D
Island Modules,Raised Bar,ISLAND_RAISEDBAR_STRAIGHT_48,ISLAND_RAISEDBAR_STRAIGHT_48,,,,/assets/island-modules/raised-bar/ISLAND_RAISEDBAR_STRAIGHT_48/3d/ISLAND_RAISEDBAR_STRAIGHT_48.glb,placeholder,,NEEDS 2D + 3D
Island Modules,Raised Bar,ISLAND_RAISEDBAR_STRAIGHT_RIGHT_END,ISLAND_RAISEDBAR_STRAIGHT_RIGHT_END,,,,/assets/island-modules/raised-bar/ISLAND_RAISEDBAR_STRAIGHT_RIGHT_END/3d/ISLAND_RAISEDBAR_STRAIGHT_RIGHT_END.glb,placeholder,,NEEDS 2D + 3D
Island Modules,Raised Bar,ISLAND_RAISED_CURVED_BAR_8FT,ISLAND_RAISED_CURVED_BAR_8FT,,,,/assets/island-modules/raised-bar/ISLAND_RAISED_CURVED_BAR_8FT/3d/ISLAND_RAISED_CURVED_BAR_8FT.glb,placeholder,/assets/island-modules/raised-bar/ISLAND_RAISED_CURVED_BAR_8FT/photo/ISLAND_RAISED_CURVED_BAR_8FT.jpg,NEEDS 2D + 3D
Island Modules,Straight & Ends,ISLAND_45ANGLE_3X3,ISLAND_45ANGLE_3X3,,,,/assets/island-modules/straight-and-ends/ISLAND_45ANGLE_3X3/3d/ISLAND_45ANGLE_3X3.glb,placeholder,,NEEDS 2D + 3D
Island Modules,Straight & Ends,ISLAND_90CORNER,ISLAND_90CORNER,,,,/assets/island-modules/straight-and-ends/ISLAND_90CORNER/3d/ISLAND_90CORNER.glb,placeholder,,NEEDS 2D + 3D
Island Modules,Straight & Ends,ISLAND_ASS17_19,ISLAND_ASS17_19,,,,/assets/island-modules/straight-and-ends/ISLAND_ASS17_19/3d/ISLAND_ASS17_19.glb,placeholder,,NEEDS 2D + 3D
Island Modules,Straight & Ends,ISLAND_BIC14_15,ISLAND_BIC14_15,,,,/assets/island-modules/straight-and-ends/ISLAND_BIC14_15/3d/ISLAND_BIC14_15.glb,placeholder,,NEEDS 2D + 3D
Island Modules,Straight & Ends,ISLAND_BPS21_24,ISLAND_BPS21_24,,,,/assets/island-modules/straight-and-ends/ISLAND_BPS21_24/3d/ISLAND_BPS21_24.glb,placeholder,,NEEDS 2D + 3D
Island Modules,Straight & Ends,ISLAND_BSK20_22,ISLAND_BSK20_22,,,,/assets/island-modules/straight-and-ends/ISLAND_BSK20_22/3d/ISLAND_BSK20_22.glb,placeholder,,NEEDS 2D + 3D
Island Modules,Straight & Ends,ISLAND_BSK34_35,ISLAND_BSK34_35,,,,/assets/island-modules/straight-and-ends/ISLAND_BSK34_35/3d/ISLAND_BSK34_35.glb,placeholder,,NEEDS 2D + 3D
Island Modules,Straight & Ends,ISLAND_ENDCAP,ISLAND_ENDCAP_LEFT,,L,,/assets/island-modules/straight-and-ends/ISLAND_ENDCAP/3d/ISLAND_ENDCAP_LEFT.glb,placeholder,/assets/island-modules/straight-and-ends/ISLAND_ENDCAP/photo/ISLAND_ENDCAP_LEFT.jpg,NEEDS 2D + 3D
Island Modules,Straight & Ends,ISLAND_ENDCAP,ISLAND_ENDCAP_RIGHT,,R,,/assets/island-modules/straight-and-ends/ISLAND_ENDCAP/3d/ISLAND_ENDCAP_RIGHT.glb,placeholder,/assets/island-modules/straight-and-ends/ISLAND_ENDCAP/photo/ISLAND_ENDCAP_RIGHT.jpg,NEEDS 2D + 3D
Island Modules,Straight & Ends,ISLAND_ENDCAP_TOBAR,ISLAND_ENDCAP_TOBAR_LEFT,,L,,/assets/island-modules/straight-and-ends/ISLAND_ENDCAP_TOBAR/3d/ISLAND_ENDCAP_TOBAR_LEFT.glb,placeholder,/assets/island-modules/straight-and-ends/ISLAND_ENDCAP_TOBAR/photo/ISLAND_ENDCAP_TOBAR_LEFT.jpg,NEEDS 2D + 3D
Island Modules,Straight & Ends,ISLAND_ENDCAP_TOBAR,ISLAND_ENDCAP_TOBAR_RIGHT,,R,,/assets/island-modules/straight-and-ends/ISLAND_ENDCAP_TOBAR/3d/ISLAND_ENDCAP_TOBAR_RIGHT.glb,placeholder,/assets/island-modules/straight-and-ends/ISLAND_ENDCAP_TOBAR/photo/ISLAND_ENDCAP_TOBAR_RIGHT.jpg,NEEDS 2D + 3D
Island Modules,Straight & Ends,ISLAND_ROUND_END,ISLAND_ROUND_END_LEFT,,L,,/assets/island-modules/straight-and-ends/ISLAND_ROUND_END/3d/ISLAND_ROUND_END_LEFT.glb,placeholder,,NEEDS 2D + 3D
Island Modules,Straight & Ends,ISLAND_ROUND_END,ISLAND_ROUND_END_RIGHT,,R,,/assets/island-modules/straight-and-ends/ISLAND_ROUND_END/3d/ISLAND_ROUND_END_RIGHT.glb,placeholder,,NEEDS 2D + 3D
Island Modules,Straight & Ends,ISLAND_SAPFR21PRO_BATRIM21_26,ISLAND_SAPFR21PRO_BATRIM21_26,,,,/assets/island-modules/straight-and-ends/ISLAND_SAPFR21PRO_BATRIM21_26/3d/ISLAND_SAPFR21PRO_BATRIM21_26.glb,placeholder,,NEEDS 2D + 3D
Island Modules,Straight & Ends,ISLAND_SCC3ENDSPL,ISLAND_SCC3ENDSPL_LEFT,,L,,/assets/island-modules/straight-and-ends/ISLAND_SCC3ENDSPL/3d/ISLAND_SCC3ENDSPL_LEFT.glb,placeholder,,NEEDS 2D + 3D
Island Modules,Straight & Ends,ISLAND_STRAIGHT_12,ISLAND_STRAIGHT_12,,,,/assets/island-modules/straight-and-ends/ISLAND_STRAIGHT_12/3d/ISLAND_STRAIGHT_12.glb,placeholder,,NEEDS 2D + 3D
Island Modules,Straight & Ends,ISLAND_STRAIGHT_24,ISLAND_STRAIGHT_24,,,,/assets/island-modules/straight-and-ends/ISLAND_STRAIGHT_24/3d/ISLAND_STRAIGHT_24.glb,placeholder,,NEEDS 2D + 3D
Island Modules,Straight & Ends,ISLAND_STRAIGHT_36,ISLAND_STRAIGHT_36,,,,/assets/island-modules/straight-and-ends/ISLAND_STRAIGHT_36/3d/ISLAND_STRAIGHT_36.glb,placeholder,,NEEDS 2D + 3D
Island Modules,Straight & Ends,ISLAND_STRAIGHT_48,ISLAND_STRAIGHT_48,,,,/assets/island-modules/straight-and-ends/ISLAND_STRAIGHT_48/3d/ISLAND_STRAIGHT_48.glb,placeholder,,NEEDS 2D + 3D
Island Modules,Straight & Ends,ISLAND_STRAIGHT_OVERHANG_12,ISLAND_STRAIGHT_OVERHANG_12,,,,/assets/island-modules/straight-and-ends/ISLAND_STRAIGHT_OVERHANG_12/3d/ISLAND_STRAIGHT_OVERHANG_12.glb,placeholder,/assets/island-modules/straight-and-ends/ISLAND_STRAIGHT_OVERHANG_12/photo/ISLAND_STRAIGHT_OVERHANG_12.jpg,NEEDS 2D + 3D
Island Modules,Stucco / Masonry,ISLAND_BAR_ROUND_36_STUCCO,ISLAND_BAR_ROUND_36_STUCCO,,,,/assets/island-modules/stucco-masonry/ISLAND_BAR_ROUND_36_STUCCO/3d/ISLAND_BAR_ROUND_36_STUCCO.glb,placeholder,,NEEDS 2D + 3D
Island Modules,Stucco / Masonry,ISLAND_CORONADO_CORNER_4X4_STUCCO,ISLAND_CORONADO_CORNER_4X4_STUCCO,,,,/assets/island-modules/stucco-masonry/ISLAND_CORONADO_CORNER_4X4_STUCCO/3d/ISLAND_CORONADO_CORNER_4X4_STUCCO.glb,placeholder,,NEEDS 2D + 3D
Island Modules,Stucco / Masonry,ISLAND_CORONADO_EXTEND_24_STUCCO,ISLAND_CORONADO_EXTEND_24_STUCCO,,,,/assets/island-modules/stucco-masonry/ISLAND_CORONADO_EXTEND_24_STUCCO/3d/ISLAND_CORONADO_EXTEND_24_STUCCO.glb,placeholder,,NEEDS 2D + 3D
Island Modules,Stucco / Masonry,ISLAND_CORONADO_L_6FT_STUCCO,ISLAND_CORONADO_L_6FT_STUCCO,,,,/assets/island-modules/stucco-masonry/ISLAND_CORONADO_L_6FT_STUCCO/3d/ISLAND_CORONADO_L_6FT_STUCCO.glb,placeholder,,NEEDS 2D + 3D
Island Modules,Stucco / Masonry,ISLAND_CORONADO_R_6FT_STUCCO,ISLAND_CORONADO_R_6FT_STUCCO,,,,/assets/island-modules/stucco-masonry/ISLAND_CORONADO_R_6FT_STUCCO/3d/ISLAND_CORONADO_R_6FT_STUCCO.glb,placeholder,,NEEDS 2D + 3D
Island Modules,Stucco / Masonry,ISLAND_RAISED_45_ANGLE_STUCCO,ISLAND_RAISED_45_ANGLE_STUCCO,,,,/assets/island-modules/stucco-masonry/ISLAND_RAISED_45_ANGLE_STUCCO/3d/ISLAND_RAISED_45_ANGLE_STUCCO.glb,placeholder,,NEEDS 2D + 3D
Island Modules,Stucco / Masonry,ISLAND_RAISED_L_CORNER_30x48_STUCCO,ISLAND_RAISED_L_CORNER_30x48_STUCCO,,,,/assets/island-modules/stucco-masonry/ISLAND_RAISED_L_CORNER_30x48_STUCCO/3d/ISLAND_RAISED_L_CORNER_30x48_STUCCO.glb,placeholder,,NEEDS 2D + 3D
Island Modules,Stucco / Masonry,ISLAND_RAISED_L_LANDING_4FT_STUCCO,ISLAND_RAISED_L_LANDING_4FT_STUCCO,,,,/assets/island-modules/stucco-masonry/ISLAND_RAISED_L_LANDING_4FT_STUCCO/3d/ISLAND_RAISED_L_LANDING_4FT_STUCCO.glb,placeholder,/assets/island-modules/stucco-masonry/ISLAND_RAISED_L_LANDING_4FT_STUCCO/photo/ISLAND_RAISED_L_LANDING_4FT_STUCCO.jpg,NEEDS 2D + 3D
Island Modules,Stucco / Masonry,ISLAND_RAISED_L_ROUND_4FT_STUCCO,ISLAND_RAISED_L_ROUND_4FT_STUCCO,,,,/assets/island-modules/stucco-masonry/ISLAND_RAISED_L_ROUND_4FT_STUCCO/3d/ISLAND_RAISED_L_ROUND_4FT_STUCCO.glb,placeholder,,NEEDS 2D + 3D
Island Modules,Stucco / Masonry,ISLAND_RAISED_R_CORNER_30x48_STUCCO,ISLAND_RAISED_R_CORNER_30x48_STUCCO,,,,/assets/island-modules/stucco-masonry/ISLAND_RAISED_R_CORNER_30x48_STUCCO/3d/ISLAND_RAISED_R_CORNER_30x48_STUCCO.glb,placeholder,,NEEDS 2D + 3D
Island Modules,Stucco / Masonry,ISLAND_RAISED_R_LANDING_4FT_STUCCO,ISLAND_RAISED_R_LANDING_4FT_STUCCO,,,,/assets/island-modules/stucco-masonry/ISLAND_RAISED_R_LANDING_4FT_STUCCO/3d/ISLAND_RAISED_R_LANDING_4FT_STUCCO.glb,placeholder,,NEEDS 2D + 3D
Island Modules,Stucco / Masonry,ISLAND_RAISED_R_ROUND_4FT_STUCCO,ISLAND_RAISED_R_ROUND_4FT_STUCCO,,,,/assets/island-modules/stucco-masonry/ISLAND_RAISED_R_ROUND_4FT_STUCCO/3d/ISLAND_RAISED_R_ROUND_4FT_STUCCO.glb,placeholder,/assets/island-modules/stucco-masonry/ISLAND_RAISED_R_ROUND_4FT_STUCCO/photo/ISLAND_RAISED_R_ROUND_4FT_STUCCO.jpg,NEEDS 2D + 3D
Island Modules,Stucco / Masonry,ISLAND_RAISED_STRAIGHT_24_STUCCO,ISLAND_RAISED_STRAIGHT_24_STUCCO,,,,/assets/island-modules/stucco-masonry/ISLAND_RAISED_STRAIGHT_24_STUCCO/3d/ISLAND_RAISED_STRAIGHT_24_STUCCO.glb,placeholder,,NEEDS 2D + 3D
Island Modules,Stucco / Masonry,ISLAND_STCROIX_8FT_STUCCO,ISLAND_STCROIX_8FT_STUCCO,,,,/assets/island-modules/stucco-masonry/ISLAND_STCROIX_8FT_STUCCO/3d/ISLAND_STCROIX_8FT_STUCCO.glb,placeholder,/assets/island-modules/stucco-masonry/ISLAND_STCROIX_8FT_STUCCO/photo/ISLAND_STCROIX_8FT_STUCCO.jpg,NEEDS 2D + 3D
Island Modules,Stucco / Masonry,ISLAND_STUCCO_CORNER_FIREPLACE,ISLAND_STUCCO_CORNER_FIREPLACE,,,,/assets/island-modules/stucco-masonry/ISLAND_STUCCO_CORNER_FIREPLACE/3d/ISLAND_STUCCO_CORNER_FIREPLACE.glb,placeholder,/assets/island-modules/stucco-masonry/ISLAND_STUCCO_CORNER_FIREPLACE/photo/ISLAND_STUCCO_CORNER_FIREPLACE.jpg,NEEDS 2D + 3D
Island Modules,Stucco / Masonry,ISLAND_STUCCO_KAMADOBASE_30,ISLAND_STUCCO_KAMADOBASE_30,,,,/assets/island-modules/stucco-masonry/ISLAND_STUCCO_KAMADOBASE_30/3d/ISLAND_STUCCO_KAMADOBASE_30.glb,placeholder,/assets/island-modules/stucco-masonry/ISLAND_STUCCO_KAMADOBASE_30/photo/ISLAND_STUCCO_KAMADOBASE_30.jpg,NEEDS 2D + 3D
Island Modules,Stucco / Masonry,ISLAND_STUCCO_LOWBASE,ISLAND_STUCCO_LOWBASE_LEFT,,L,,/assets/island-modules/stucco-masonry/ISLAND_STUCCO_LOWBASE/3d/ISLAND_STUCCO_LOWBASE_LEFT.glb,placeholder,/assets/island-modules/stucco-masonry/ISLAND_STUCCO_LOWBASE/photo/ISLAND_STUCCO_LOWBASE_LEFT.jpg,NEEDS 2D + 3D
Island Modules,Stucco / Masonry,ISLAND_STUCCO_LOWBASE,ISLAND_STUCCO_LOWBASE_RIGHT,,R,,/assets/island-modules/stucco-masonry/ISLAND_STUCCO_LOWBASE/3d/ISLAND_STUCCO_LOWBASE_RIGHT.glb,placeholder,/assets/island-modules/stucco-masonry/ISLAND_STUCCO_LOWBASE/photo/ISLAND_STUCCO_LOWBASE_RIGHT.jpg,NEEDS 2D + 3D
Island Modules,Stucco / Masonry,ISLAND_STUCCO_OVERHANG_12,ISLAND_STUCCO_OVERHANG_12,,,,/assets/island-modules/stucco-masonry/ISLAND_STUCCO_OVERHANG_12/3d/ISLAND_STUCCO_OVERHANG_12.glb,placeholder,/assets/island-modules/stucco-masonry/ISLAND_STUCCO_OVERHANG_12/photo/ISLAND_STUCCO_OVERHANG_12.jpg,NEEDS 2D + 3D
Island Modules,Stucco / Masonry,ISLAND_STUCCO_SCC3ENDSPL,ISLAND_STUCCO_SCC3ENDSPL_LEFT,,L,,,none,/assets/island-modules/stucco-masonry/ISLAND_STUCCO_SCC3ENDSPL/photo/ISLAND_STUCCO_SCC3ENDSPL_LEFT.jpg,NEEDS 2D + 3D
Island Modules,Stucco / Masonry,ISLAND_STUCCO_SCC3ENDSPL,ISLAND_STUCCO_SCC3ENDSPL_RIGHT,,R,,/assets/island-modules/stucco-masonry/ISLAND_STUCCO_SCC3ENDSPL/3d/ISLAND_STUCCO_SCC3ENDSPL_RIGHT.glb,placeholder,/assets/island-modules/stucco-masonry/ISLAND_STUCCO_SCC3ENDSPL/photo/ISLAND_STUCCO_SCC3ENDSPL_RIGHT.jpg,NEEDS 2D + 3D
ODK Components,Classic Series Flush Style,A_DD30,A_DD30,,,,/assets/odk-components/classic-series/A_DD30/3d/A_DD30.glb,placeholder,,NEEDS 2D + 3D
ODK Components,Classic Series Flush Style,A_DD36,A_DD36,,,,/assets/odk-components/classic-series/A_DD36/3d/A_DD36.glb,placeholder,,NEEDS 2D + 3D
ODK Components,Classic Series Flush Style,A_DD42,A_DD42,,,,/assets/odk-components/classic-series/A_DD42/3d/A_DD42.glb,placeholder,,NEEDS 2D + 3D
ODK Components,Classic Series Flush Style,A_DH1420,A_DH1420_L,,L,,/assets/odk-components/classic-series/A_DH1420/3d/A_DH1420_L.glb,placeholder,,NEEDS 2D + 3D
ODK Components,Classic Series Flush Style,A_DH1420,A_DH1420_R,,R,,/assets/odk-components/classic-series/A_DH1420/3d/A_DH1420_R.glb,placeholder,,NEEDS 2D + 3D
ODK Components,Classic Series Flush Style,A_DH1724,A_DH1724_L,,L,,/assets/odk-components/classic-series/A_DH1724/3d/A_DH1724_L.glb,placeholder,,NEEDS 2D + 3D
ODK Components,Classic Series Flush Style,A_DH1724,A_DH1724_R,,R,,/assets/odk-components/classic-series/A_DH1724/3d/A_DH1724_R.glb,placeholder,,NEEDS 2D + 3D
ODK Components,Classic Series Flush Style,A_DV1420,A_DV1420_L,,L,,/assets/odk-components/classic-series/A_DV1420/3d/A_DV1420_L.glb,placeholder,,NEEDS 2D + 3D
ODK Components,Classic Series Flush Style,A_DV1420,A_DV1420_R,,R,,/assets/odk-components/classic-series/A_DV1420/3d/A_DV1420_R.glb,placeholder,,NEEDS 2D + 3D
ODK Components,Classic Series Flush Style,A_DV1724,A_DV1724_L,,L,,/assets/odk-components/classic-series/A_DV1724/3d/A_DV1724_L.glb,placeholder,,NEEDS 2D + 3D
ODK Components,Classic Series Flush Style,A_DV1724,A_DV1724_R,,R,,/assets/odk-components/classic-series/A_DV1724/3d/A_DV1724_R.glb,placeholder,,NEEDS 2D + 3D
ODK Components,Classic Series Flush Style,A_IC,A_IC,,,,/assets/odk-components/classic-series/A_IC/3d/A_IC.glb,placeholder,,NEEDS 2D + 3D
ODK Components,Classic Series Flush Style,A_LPCDD30,A_LPCDD30,,,,/assets/odk-components/classic-series/A_LPCDD30/3d/A_LPCDD30.glb,placeholder,,NEEDS 2D + 3D
ODK Components,Classic Series Flush Style,A_LPCTD30,A_LPCTD30,,,,/assets/odk-components/classic-series/A_LPCTD30/3d/A_LPCTD30.glb,placeholder,,NEEDS 2D + 3D
ODK Components,Classic Series Flush Style,A_SS17,A_SS17,,,,/assets/odk-components/classic-series/A_SS17/3d/A_SS17.glb,placeholder,/assets/odk-components/classic-series/A_SS17/photo/A_SS17.jpg,NEEDS 2D + 3D
ODK Components,Classic Series Flush Style,A_TRHD,A_TRHD,,,,/assets/odk-components/classic-series/A_TRHD/3d/A_TRHD.glb,placeholder,,NEEDS 2D + 3D
ODK Components,Classic Series Flush Style,B_DD12,B_DD12,,,,/assets/odk-components/classic-series/B_DD12/3d/B_DD12.glb,placeholder,,NEEDS 2D + 3D
ODK Components,Classic Series Flush Style,B_IC14,B_IC14,,,,/assets/odk-components/classic-series/B_IC14/3d/B_IC14.glb,placeholder,/assets/odk-components/classic-series/B_IC14/photo/B_IC14.jpg,NEEDS 2D + 3D
ODK Components,Classic Series Flush Style,B_PS21,B_PS21,,,,/assets/odk-components/classic-series/B_PS21/3d/B_PS21.glb,placeholder,,NEEDS 2D + 3D
ODK Components,Classic Series Flush Style,B_SD6,B_SD6,,,,/assets/odk-components/classic-series/B_SD6/3d/B_SD6.glb,placeholder,,NEEDS 2D + 3D
ODK Components,Classic Series Flush Style,B_SK20,B_SK20,,,,/assets/odk-components/classic-series/B_SK20/3d/B_SK20.glb,placeholder,/assets/odk-components/classic-series/B_SK20/photo/B_SK20.jpg,NEEDS 2D + 3D
ODK Components,Classic Series Flush Style,B_SK34,B_SK34,,,,/assets/odk-components/classic-series/B_SK34/3d/B_SK34.glb,placeholder,/assets/odk-components/classic-series/B_SK34/photo/B_SK34.jpg,NEEDS 2D + 3D
ODK Components,Classic Series Flush Style,B_TD18,B_TD18,,,,/assets/odk-components/classic-series/B_TD18/3d/B_TD18.glb,placeholder,,NEEDS 2D + 3D
ODK Components,Classic Series Flush Style,C_DD30,C_DD30,,,,/assets/odk-components/classic-series/C_DD30/3d/C_DD30.glb,placeholder,,NEEDS 2D + 3D
ODK Components,Classic Series Flush Style,C_DD36,C_DD36,,,,/assets/odk-components/classic-series/C_DD36/3d/C_DD36.glb,placeholder,,NEEDS 2D + 3D
ODK Components,Classic Series Flush Style,C_DD42,C_DD42,,,,/assets/odk-components/classic-series/C_DD42/3d/C_DD42.glb,placeholder,,NEEDS 2D + 3D
ODK Components,Classic Series Flush Style,C_DDC30,C_DDC30,,,,/assets/odk-components/classic-series/C_DDC30/3d/C_DDC30.glb,placeholder,,NEEDS 2D + 3D
ODK Components,Classic Series Flush Style,C_LPCD20,C_LPCD20,,,,/assets/odk-components/classic-series/C_LPCD20/3d/C_LPCD20.glb,placeholder,,NEEDS 2D + 3D
ODK Components,Classic Series Flush Style,C_SD12,C_SD12_L,,L,,/assets/odk-components/classic-series/C_SD12/3d/C_SD12_L.glb,placeholder,,NEEDS 2D + 3D
ODK Components,Classic Series Flush Style,C_SD12,C_SD12_R,,R,,/assets/odk-components/classic-series/C_SD12/3d/C_SD12_R.glb,placeholder,,NEEDS 2D + 3D
ODK Components,Classic Series Flush Style,C_VSDL12,C_VSDL12_L,,L,,/assets/odk-components/classic-series/C_VSDL12/3d/C_VSDL12_L.glb,placeholder,,NEEDS 2D + 3D
ODK Components,Classic Series Flush Style,C_VSDR12,C_VSDR12_R,,R,,/assets/odk-components/classic-series/C_VSDR12/3d/C_VSDR12_R.glb,placeholder,,NEEDS 2D + 3D
ODK Components,Classic Series Flush Style,DSH1724,DSH1724_L,,L,,/assets/odk-components/classic-series/DSH1724/3d/DSH1724_L.glb,placeholder,,NEEDS 2D + 3D
ODK Components,Classic Series Flush Style,DSH1724,DSH1724_R,,R,,/assets/odk-components/classic-series/DSH1724/3d/DSH1724_R.glb,placeholder,,NEEDS 2D + 3D
ODK Components,Classic Series Flush Style,DSH30,DSH30,,,,/assets/odk-components/classic-series/DSH30/3d/DSH30.glb,placeholder,,NEEDS 2D + 3D
ODK Components,Classic Series Flush Style,DSV1724,DSV1724_L,,L,,/assets/odk-components/classic-series/DSV1724/3d/DSV1724_L.glb,placeholder,,NEEDS 2D + 3D
ODK Components,Classic Series Flush Style,DSV1724,DSV1724_R,,R,,/assets/odk-components/classic-series/DSV1724/3d/DSV1724_R.glb,placeholder,,NEEDS 2D + 3D
ODK Components,Classic Series Flush Style,DV1420,DV1420_L,,L,,/assets/odk-components/classic-series/DV1420/3d/DV1420_L.glb,placeholder,,NEEDS 2D + 3D
ODK Components,Classic Series Flush Style,DV1420,DV1420_R,,R,,/assets/odk-components/classic-series/DV1420/3d/DV1420_R.glb,placeholder,,NEEDS 2D + 3D
ODK Components,Classic Series Flush Style,DV1724,DV1724_L,,L,,/assets/odk-components/classic-series/DV1724/3d/DV1724_L.glb,placeholder,,NEEDS 2D + 3D
Outdoor Cooking,Charcoal Combo Grillers,SUNCHDZ42,SUNCHDZ42,,,,/assets/outdoor-cooking/charcoal-combo-grillers/SUNCHDZ42/3d/SUNCHDZ42.glb,placeholder,,NEEDS 2D + 3D
Outdoor Cooking,Charcoal Combo Grillers,SUNCHSZ30,SUNCHSZ30,,,,/assets/outdoor-cooking/charcoal-combo-grillers/SUNCHSZ30/3d/SUNCHSZ30.glb,placeholder,/assets/outdoor-cooking/charcoal-combo-grillers/SUNCHSZ30/photo/SUNCHSZ30.jpg,NEEDS 2D + 3D
Outdoor Cooking,Grill Components,VENT,VENT_GBOX,GBOX,,,/assets/outdoor-cooking/grill-components/VENT/3d/VENT_GBOX.glb,placeholder,/assets/outdoor-cooking/grill-components/VENT/photo/VENT_GBOX.jpg,NEEDS 2D + 3D
Outdoor Cooking,Grill Components,VENT,VENT_L,,L,,/assets/outdoor-cooking/grill-components/VENT/3d/VENT_L.glb,placeholder,/assets/outdoor-cooking/grill-components/VENT/photo/VENT_L.jpg,NEEDS 2D + 3D
Outdoor Cooking,Grill Components,VENT,VENT_S,S,,,/assets/outdoor-cooking/grill-components/VENT/3d/VENT_S.glb,placeholder,/assets/outdoor-cooking/grill-components/VENT/photo/VENT_S.jpg,NEEDS 2D + 3D
Outdoor Cooking,Pellet Grills,SUNPLT40,SUNPLT40,,,,/assets/outdoor-cooking/pellet-grills/SUNPLT40/3d/SUNPLT40.glb,placeholder,/assets/outdoor-cooking/pellet-grills/SUNPLT40/photo/SUNPLT40.jpg,NEEDS 2D + 3D
Outdoor Cooking,Power Cirque Burners & Griddles,SUN24PCB,SUN24PCB_GD,GD,,,/assets/outdoor-cooking/power-burners-griddles/SUN24PCB/3d/SUN24PCB_GD.glb,placeholder,/assets/outdoor-cooking/power-burners-griddles/SUN24PCB/photo/SUN24PCB_GD.jpg,NEEDS 2D + 3D
Outdoor Cooking,Power Cirque Burners & Griddles,SUN24PCB,SUN24PCB_PB,PB,,,/assets/outdoor-cooking/power-burners-griddles/SUN24PCB/3d/SUN24PCB_PB.glb,placeholder,/assets/outdoor-cooking/power-burners-griddles/SUN24PCB/photo/SUN24PCB_PB.jpg,NEEDS 2D + 3D
Outdoor Cooking,Ruby Gas Grills,RUBY3B,RUBY3B_30,30,,,/assets/outdoor-cooking/gas-grills/RUBY3B/3d/RUBY3B_30.glb,placeholder,,NEEDS 2D + 3D
Outdoor Cooking,Ruby Gas Grills,RUBY4B,RUBY4B_36,36,,,/assets/outdoor-cooking/gas-grills/RUBY4B/3d/RUBY4B_36.glb,placeholder,,NEEDS 2D + 3D
Outdoor Cooking,Ruby Gas Grills,RUBY4BIR,RUBY4BIR_36,36,,,/assets/outdoor-cooking/gas-grills/RUBY4BIR/3d/RUBY4BIR_36.glb,placeholder,,NEEDS 2D + 3D
Outdoor Cooking,Ruby Gas Grills,RUBY5BIR,RUBY5BIR_42,42,,,/assets/outdoor-cooking/gas-grills/RUBY5BIR/3d/RUBY5BIR_42.glb,placeholder,,NEEDS 2D + 3D
Outdoor Cooking,Versa Side Burners,SUN13CPRO,SUN13CPRO,,,,/assets/outdoor-cooking/side-burners/SUN13CPRO/3d/SUN13CPRO.glb,placeholder,,NEEDS 2D + 3D
Outdoor Cooking,Versa Side Burners,SUN13VDB,SUN13VDB,,,,/assets/outdoor-cooking/side-burners/SUN13VDB/3d/SUN13VDB.glb,placeholder,/assets/outdoor-cooking/side-burners/SUN13VDB/photo/SUN13VDB.jpg,NEEDS 2D + 3D
Outdoor Cooking,Versa Side Burners,SUN13VSB,SUN13VSB,,,,/assets/outdoor-cooking/side-burners/SUN13VSB/3d/SUN13VSB.glb,placeholder,,NEEDS 2D + 3D
