Category,2D_Image_Filename,3D_GLB_Filename,Status
Grill Cabinets,SAC20CSDL_SUN13CPRO.webp,SAC20CSDL_SUN13CPRO.glb,MATCHED
Grill Cabinets,SAC20CSDL_SUN13VDB.webp,SAC20CSDL_SUN13VDB.glb,MATCHED
Grill Cabinets,SAC20CSDR_SUN13CPRO.webp,SAC20CSDR_SUN13CPRO.glb,MATCHED
Grill Cabinets,SAC20CSDR_SUN13VDB.webp,SAC20CSDR_SUN13VDB.glb,MATCHED
Grill Cabinets,SAC30KBDC_KAMADO_RAIL.webp,SAC30KBDC_KAMADO_RAIL.glb,MATCHED
Grill Cabinets,SAC30KBDC_KAMADO_SHELF.webp,SAC30KBDC_KAMADO_SHELF.glb,MATCHED
Grill Cabinets,SAC33PBDC_SUN24PCB.webp,SAC33PBDC_SUN24PCB.glb,MATCHED
Grill Cabinets,SAC34CGDC_SUNCHSZ30.webp,SAC34CGDC_SUNCHSZ30.glb,MATCHED
Grill Cabinets,SAC34GLPCD.webp,SAC34GLPCD.glb,MATCHED
Grill Cabinets,SAC34GLPCD_RUBY3B.webp,SAC34GLPCD_RUBY3B.glb,MATCHED
Grill Cabinets,SAC40GLPCD.webp,SAC40GLPCD.glb,MATCHED
Grill Cabinets,SAC40GLPCD_RUBY4B.webp,SAC40GLPCD_RUBY4B.glb,MATCHED
Grill Cabinets,SAC46CGDC.webp,SAC46CGDC.glb,MATCHED
Grill Cabinets,SAC46CGDC_SUNCHDZ42.webp,SAC46CGDC_SUNCHDZ42.glb,MATCHED
Grill Cabinets,SAC46GLPCD.webp,SAC46GLPCD.glb,MATCHED
Grill Cabinets,SAC46GLPCD_RUBY5BIR.webp,SAC46GLPCD_RUBY5BIR.glb,MATCHED
Grill Cabinets,SBC18FSDL_SUN13VSB.webp,SBC18FSDL_SUN13VSB.glb,MATCHED
Grill Cabinets,SBC18FSDR_SUN13VSB.webp,SBC18FSDR_SUN13VSB.glb,MATCHED
Grill Cabinets,SAC30KBDC_SUN24PCB-GD.webp,SAC30KBDC_SUN24PCB_GRIDDLE.glb,NEAR MATCH
Grill Cabinets,SAC30KBDC_SUN24PCB-PB.webp,SAC30KBDC_SUN24PCB_BURNER.glb,NEAR MATCH
Grill Cabinets,SAC3OKBDC_KAMADO_OPEN.webp,SAC30KBDC_KAMADO_OPEN.glb,NEAR MATCH
Grill Cabinets,SCC3SP90_SUN13VSB_LEFT.webp,SCC3SP90_SUN13VSB.glb,NEAR MATCH
Grill Cabinets,SCC3SP90_SUN13VSB_RIGHT.webp,SCC3SP90_SUN13VSB.glb,NEAR MATCH
Grill Cabinets,,SAC20CSDL.glb,MISSING 2D IMAGE
Grill Cabinets,,SAC20CSDL_SUN13VDSB.glb,MISSING 2D IMAGE
Grill Cabinets,,SAC20CSDR.glb,MISSING 2D IMAGE
Grill Cabinets,,SAC20CSDR_SUN13VDSB.glb,MISSING 2D IMAGE
Grill Cabinets,,SAC30KBDC.glb,MISSING 2D IMAGE
Grill Cabinets,,SAC30KBDC_KAMADO_SHORT.glb,MISSING 2D IMAGE
Grill Cabinets,,SAC33PBDC.glb,MISSING 2D IMAGE
Grill Cabinets,,SAC34CGDC.glb,MISSING 2D IMAGE
Grill Cabinets,,SAC34CGDC_SUNCHSZ30IR.glb,MISSING 2D IMAGE
Grill Cabinets,,SAC40GLPCD_RUBY4BIR.glb,MISSING 2D IMAGE
Grill Cabinets,,SAC46CGDC_EMCHDZ42.glb,MISSING 2D IMAGE
Sink Base Cabinets,SAC20CSDL_BRBC14.webp,SAC20CSDL_BRBC14.glb,MATCHED
Sink Base Cabinets,SAC20CSDR_BRBC14.webp,SAC20CSDR_BRBC14.glb,MATCHED
Sink Base Cabinets,SBC18FSDL.webp,SBC18FSDL.glb,MATCHED
Sink Base Cabinets,SBC18FSDL_ASS17.webp,SBC18FSDL_ASS17.glb,MATCHED
Sink Base Cabinets,SBC18FSDL_BIC14.webp,SBC18FSDL_BIC14.glb,MATCHED
Sink Base Cabinets,SBC18FSDR.webp,SBC18FSDR.glb,MATCHED
Sink Base Cabinets,SBC18FSDR_ASS17.webp,SBC18FSDR_ASS17.glb,MATCHED
Sink Base Cabinets,SBC18FSDR_BIC14.webp,SBC18FSDR_BIC14.glb,MATCHED
Sink Base Cabinets,SBC24CDD_BPS21.webp,SBC24CDD_BPS21.glb,MATCHED
Sink Base Cabinets,SBC24FDD.webp,SBC24FDD.glb,MATCHED
Sink Base Cabinets,SBC24FDD_BPS21.webp,SBC24FDD_BPS21.glb,MATCHED
Sink Base Cabinets,SBC30CDD.webp,SBC30CDD.glb,MATCHED
Sink Base Cabinets,SBC30CDD_BPS21.webp,SBC30CDD_BPS21.glb,MATCHED
Sink Base Cabinets,SBC30FDD.webp,SBC30FDD.glb,MATCHED
Sink Base Cabinets,SBC30FDD_BPS21.webp,SBC30FDD_BPS21.glb,MATCHED
Sink Base Cabinets,SBC36CDD.webp,SBC36CDD.glb,MATCHED
Sink Base Cabinets,SBC36CDD_AIC.webp,SBC36CDD_AIC.glb,MATCHED
Sink Base Cabinets,SBC36CDD_BPS21.webp,SBC36CDD_BPS21.glb,MATCHED
Sink Base Cabinets,SBC36FDD.webp,SBC36FDD.glb,MATCHED
Sink Base Cabinets,SCC31BP90_ASS17_LEFT.webp,SCC31BP90_ASS17.glb,NEAR MATCH
Sink Base Cabinets,SCC31BP90_ASS17_RIGHT.webp,SCC31BP90_ASS17.glb,NEAR MATCH
Sink Base Cabinets,SCC3SP90_ASS17_LEFT.webp,SCC3SP90_ASS17.glb,NEAR MATCH
Sink Base Cabinets,SCC3SP90_ASS17_RIGHT.webp,SCC3SP90_ASS17.glb,NEAR MATCH
Sink Base Cabinets,SBC30CDD_BSK34.webp,,MISSING 3D MODEL
Sink Base Cabinets,SBC34FDD_BSK34.webp,,MISSING 3D MODEL
Sink Base Cabinets,,ISLAND_ASS17_19.glb,MISSING 2D IMAGE
Sink Base Cabinets,,ISLAND_BIC14_15.glb,MISSING 2D IMAGE
Sink Base Cabinets,,ISLAND_BPS21_24.glb,MISSING 2D IMAGE
Sink Base Cabinets,,ISLAND_BSK20_22.glb,MISSING 2D IMAGE
Sink Base Cabinets,,ISLAND_BSK34_35.glb,MISSING 2D IMAGE
Sink Base Cabinets,,SBC36CDD_SK34.glb,MISSING 2D IMAGE
Sink Base Cabinets,,SBC36FDD_BPS21.glb,MISSING 2D IMAGE
Sink Base Cabinets,,SBC36FDD_SK34.glb,MISSING 2D IMAGE
Storage Cabinets,SBC12SSRD.webp,SBC12SSRD.glb,MATCHED
Storage Cabinets,SBC18CSDL.webp,SBC18CSDL.glb,MATCHED
Storage Cabinets,SBC18CSDR.webp,SBC18CSDR.glb,MATCHED
Storage Cabinets,SBC18DPIC.webp,SBC18DPIC.glb,MATCHED
Storage Cabinets,SBC18SLPCD.webp,SBC18SLPCD.glb,MATCHED
Storage Cabinets,SBC18STD.webp,SBC18STD.glb,MATCHED
Storage Cabinets,SBC18STRD.webp,SBC18STRD.glb,MATCHED
Storage Cabinets,SBC24STD.webp,SBC24STD.glb,MATCHED
Storage Cabinets,SBC30DSPC.webp,SBC30DSPC.glb,MATCHED
Storage Cabinets,SBC30STD.webp,SBC30STD.glb,MATCHED
Storage Cabinets,SBC12SLS_RIGHT.webp,SBC12SLS.glb,NEAR MATCH
Storage Cabinets,SBC24CDD.webp,,MISSING 3D MODEL
Storage Cabinets,,SBC12SMD.glb,MISSING 2D IMAGE
Component Cabinets,SBC6SPEL.webp,SBC6SPEL.glb,MATCHED
Component Cabinets,SCC15SPE.webp,SCC15SPE.glb,MATCHED
Component Cabinets,SCC21SPE.webp,SCC21SPE.glb,MATCHED
Component Cabinets,SCC25SPE.webp,SCC25SPE.glb,MATCHED
Component Cabinets,SBC3C45_LEFT.webp,SBC3C45.glb,NEAR MATCH
Component Cabinets,SBC3C45_RIGHT.webp,SBC3C45.glb,NEAR MATCH
Component Cabinets,SCC31BP90_LEFT.webp,SCC31BP90.glb,NEAR MATCH
Component Cabinets,SCC31BP90_RIGHT.webp,SCC31BP90.glb,NEAR MATCH
Component Cabinets,SCC3SP90_LEFT.webp,SCC3SP90.glb,NEAR MATCH
Component Cabinets,SCC3SP90_RIGHT.webp,SCC3SP90.glb,NEAR MATCH
Component Cabinets,SCC3SPF.webp,SCC3SPF_SCC3SPB.glb,NEAR MATCH
Component Cabinets,SCC4SPEL_LEFT.webp,SCC4SPEL.glb,NEAR MATCH
Component Cabinets,SCC6SPF.webp,SCC6SPF_SCC6SPB.glb,NEAR MATCH
Component Cabinets,SCCSPER_RIGHT.webp,SCC4SPER.glb,NEAR MATCH
Component Cabinets,,SCC15SPE-W.glb,MISSING 2D IMAGE
Component Cabinets,,SCC21SPE-W.glb,MISSING 2D IMAGE
Component Cabinets,,SCC25SPE-W.glb,MISSING 2D IMAGE
Component Cabinets,,SCC27EP_SCC25KP_LEFT.glb,MISSING 2D IMAGE
Component Cabinets,,SCC27EP_SCC25KP_RIGHT.glb,MISSING 2D IMAGE
Component Cabinets,,SCC3CSP.glb,MISSING 2D IMAGE
Component Cabinets,,SCC3ENDSPL_LEFT.glb,MISSING 2D IMAGE
Component Cabinets,,SCC3ENDSPR_RIGHT.glb,MISSING 2D IMAGE
Appliance Cabinets,SAC20CSDL.webp,SAC20CSDL.glb,MATCHED
Appliance Cabinets,SAC20CSDR.webp,SAC20CSDR.glb,MATCHED
Appliance Cabinets,SAC24APC.webp,SAC24APC.glb,MATCHED
Appliance Cabinets,SAC30APC.webp,SAC30APC.glb,MATCHED
Appliance Cabinets,SAC30APC_SAPFR21PRO.webp,SAC30APC_SAPFR21PRO.glb,MATCHED
Appliance Cabinets,SAC34APC.webp,SAC34APC.glb,MATCHED
Appliance Cabinets,SAC34CGDC.webp,SAC34CGDC.glb,MATCHED
Appliance Cabinets,SAC34DWC.webp,SAC34DWC.glb,MATCHED
Appliance Cabinets,SAC34SWC.webp,SAC34SWC.glb,MATCHED
Appliance Cabinets,SAC34DWC_SAPWD30PROx2.webp,SAC34DWC_SAP30WDPROx2.glb,NEAR MATCH
Appliance Cabinets,SAC34SWC_SAPWD30PRO.webp,SAC34SWC_SAP30WDPRO.glb,NEAR MATCH
Appliance Cabinets,,ADA44BA_ADASK37.glb,MISSING 2D IMAGE
Appliance Cabinets,,ADA44BC.glb,MISSING 2D IMAGE
Wall Cabinets,,SWC12SLS.glb,MISSING 2D IMAGE
Wall Cabinets,,SWC18CSDL.glb,MISSING 2D IMAGE
Wall Cabinets,,SWC18CSDR.glb,MISSING 2D IMAGE
Wall Cabinets,,SWC18FSDL.glb,MISSING 2D IMAGE
Wall Cabinets,,SWC18FSDR.glb,MISSING 2D IMAGE
Wall Cabinets,,SWC21EP_LEFT.glb,MISSING 2D IMAGE
Wall Cabinets,,SWC21EP_RIGHT.glb,MISSING 2D IMAGE
Wall Cabinets,,SWC24FDD.glb,MISSING 2D IMAGE
Wall Cabinets,,SWC30FDD.glb,MISSING 2D IMAGE
Wall Cabinets,,SWC36FDD.glb,MISSING 2D IMAGE
Wall Cabinets,,SWC3SP90.glb,MISSING 2D IMAGE
Wall Cabinets,,SWC42EP_LEFT.glb,MISSING 2D IMAGE
Wall Cabinets,,SWC42EP_RIGHT.glb,MISSING 2D IMAGE
Cabinet Accessories,,,EMPTY CATEGORY
Island Modules — Straight,,ISLAND_CORONADO_CORNER_4X4_STUCCO_a4c19072.glb,MISSING 2D IMAGE
Island Modules — Straight,,ISLAND_CORONADO_EXTEND_24_STUCCO_57094fd4.glb,MISSING 2D IMAGE
Island Modules — Straight,,ISLAND_CORONADO_L_6FT_STUCCO_7ed03c23.glb,MISSING 2D IMAGE
Island Modules — Straight,,ISLAND_CORONADO_R_6FT_STUCCO_f27b3284.glb,MISSING 2D IMAGE
Island Modules — Straight,,ISLAND_STCROIX_8FT_STUCCO_07279014.glb,MISSING 2D IMAGE
Island Modules — Straight,,ISLAND_STRAIGHT_12.glb,MISSING 2D IMAGE
Island Modules — Straight,,ISLAND_STRAIGHT_24.glb,MISSING 2D IMAGE
Island Modules — Straight,,ISLAND_STRAIGHT_36.glb,MISSING 2D IMAGE
Island Modules — Straight,,ISLAND_STRAIGHT_48.glb,MISSING 2D IMAGE
Island Modules — Straight,,ISLAND_STUCCO_CORNER_FIREPLACE_fa8602a3.glb,MISSING 2D IMAGE
Island Modules — Straight,,ISLAND_STUCCO_LOWBASE_LEFT_49be43b8.glb,MISSING 2D IMAGE
Island Modules — Straight,,ISLAND_STUCCO_LOWBASE_RIGHT_f30314d4.glb,MISSING 2D IMAGE
Island Modules — Straight,,ISLAND_STUCCO_OVERHANG_12_b272018c.glb,MISSING 2D IMAGE
Island Modules — Raised Bar,,ISLAND_BAR_ROUND36.glb,FILE MISSING
Island Modules — Raised Bar,,ISLAND_45ANGLE_RAISEDBAR.glb,MISSING 2D IMAGE
Island Modules — Raised Bar,,ISLAND_90CORNER_RAISEDBAR.glb,MISSING 2D IMAGE
Island Modules — Raised Bar,,ISLAND_RAISEDBAR_24.glb,MISSING 2D IMAGE
Island Modules — Raised Bar,,ISLAND_RAISEDBAR_ROUNDEND_LEFT.glb,MISSING 2D IMAGE
Island Modules — Raised Bar,,ISLAND_RAISEDBAR_ROUNDEND_RIGHT.glb,MISSING 2D IMAGE
Island Modules — Raised Bar,,ISLAND_RAISEDBAR_STRAIGHT_12.glb,MISSING 2D IMAGE
Island Modules — Raised Bar,,ISLAND_RAISEDBAR_STRAIGHT_24.glb,MISSING 2D IMAGE
Island Modules — Raised Bar,,ISLAND_RAISEDBAR_STRAIGHT_36.glb,MISSING 2D IMAGE
Island Modules — Raised Bar,,ISLAND_RAISEDBAR_STRAIGHT_48.glb,MISSING 2D IMAGE
Island Modules — Raised Bar,,ISLAND_RAISEDBAR_STRAIGHT_RIGHT_END.glb,MISSING 2D IMAGE
Island Modules — Raised Bar,,ISLAND_RAISED_45_ANGLE_STUCCO_6e3c0c85.glb,MISSING 2D IMAGE
Island Modules — Raised Bar,,ISLAND_RAISED_CURVED_BAR_8FT_STUCCO_84ef6773.glb,MISSING 2D IMAGE
Island Modules — Raised Bar,,ISLAND_RAISED_L_CORNER_30x48_STUCCO_fc3ac681.glb,MISSING 2D IMAGE
Island Modules — Raised Bar,,ISLAND_RAISED_L_LANDING_4FT_STUCCO_92ff8206.glb,MISSING 2D IMAGE
Island Modules — Raised Bar,,ISLAND_RAISED_L_ROUND_4FT_STUCCO_2b5e68de.glb,MISSING 2D IMAGE
Island Modules — Raised Bar,,ISLAND_RAISED_R_CORNER_30x48_STUCCO_ca2ff7f2.glb,MISSING 2D IMAGE
Island Modules — Raised Bar,,ISLAND_RAISED_R_LANDING_4FT_STUCCO_3b209d4d.glb,MISSING 2D IMAGE
Island Modules — Raised Bar,,ISLAND_RAISED_R_ROUND_4FT_STUCCO_694c4375.glb,MISSING 2D IMAGE
Island Modules — Raised Bar,,ISLAND_RAISED_STRAIGHT_24_STUCCO_af3bea44.glb,MISSING 2D IMAGE
Island Modules — Counter Bar,,ISLAND_45ANGLE_COUNTERBAR.glb,MISSING 2D IMAGE
Island Modules — Counter Bar,,ISLAND_BAR_ROUND_36_STUCCO_c050aab0.glb,MISSING 2D IMAGE
Island Modules — Counter Bar,,ISLAND_COUNTERBAR_CORNER_LEFT.glb,MISSING 2D IMAGE
Island Modules — Counter Bar,,ISLAND_COUNTERBAR_CORNER_RIGHT.glb,MISSING 2D IMAGE
Island Modules — Counter Bar,,ISLAND_COUNTERBAR_ENDCAP_LEFT.glb,MISSING 2D IMAGE
Island Modules — Counter Bar,,ISLAND_COUNTERBAR_ENDCAP_RIGHT.glb,MISSING 2D IMAGE
Island Modules — Counter Bar,,ISLAND_COUNTERBAR_STRAIGHT_12.glb,MISSING 2D IMAGE
Island Modules — Counter Bar,,ISLAND_ROUND_END_LEFT.glb,MISSING 2D IMAGE
Island Modules — Counter Bar,,ISLAND_ROUND_END_RIGHT.glb,MISSING 2D IMAGE
Island Modules — Counter Bar,,ISLAND_SCC3ENDSPL_LEFT.glb,MISSING 2D IMAGE
Island Modules — Counter Bar,,ISLAND_SCC3ENDSPR_RIGHT.glb,MISSING 2D IMAGE
Island Modules — Counter Bar,,ISLAND_STRAIGHT_OVERHANG_12.glb,MISSING 2D IMAGE
Island Modules — Other,,ISLAND_45ANGLE_3X3.glb,MISSING 2D IMAGE
Island Modules — Other,,ISLAND_90CORNER.glb,MISSING 2D IMAGE
Island Modules — Other,,ISLAND_ENDCAP_LEFT.glb,MISSING 2D IMAGE
Island Modules — Other,,ISLAND_ENDCAP_RIGHT.glb,MISSING 2D IMAGE
Island Modules — Other,,ISLAND_ENDCAP_TOBAR_LEFT.glb,MISSING 2D IMAGE
Island Modules — Other,,ISLAND_ENDCAP_TOBAR_RIGHT.glb,MISSING 2D IMAGE
Island Modules — Other,,ISLAND_SAPFR21PRO_BATRIM21_26.glb,MISSING 2D IMAGE
Island Modules — Other,,ISLAND_STUCCO_KAMADOBASE_30_f311762b.glb,MISSING 2D IMAGE
Island Modules — Other,,VENT_GBOX.glb,MISSING 2D IMAGE
Island Modules — Other,,Vent_L.glb,MISSING 2D IMAGE
Island Modules — Other,,Vent_S.glb,MISSING 2D IMAGE
Grill Jacket Modules,,SUNJK18.glb,FILE MISSING
Grill Jacket Modules,,SUNJK20.glb,FILE MISSING
Grill Jacket Modules,,SUNJK25.glb,FILE MISSING
Grill Jacket Modules,,SUNJK29.glb,FILE MISSING
Grill Jacket Modules,,SUNJK33.glb,FILE MISSING
Grill Jacket Modules,,SUNJK40.glb,FILE MISSING
Grill Jacket Modules,,SUNJK45.glb,FILE MISSING
Grill Jacket Modules,,SUNJKDIV6.glb,FILE MISSING
Grill Jacket Modules,,SUNJKPOST.glb,FILE MISSING
Grill Jacket Modules,,ISLAND_SUNJK18_22.glb,MISSING 2D IMAGE
Grill Jacket Modules,,ISLAND_SUNJK29_34.glb,MISSING 2D IMAGE
Grill Jacket Modules,,ISLAND_SUNJK33_40.glb,MISSING 2D IMAGE
Grill Jacket Modules,,ISLAND_SUNJK40_46.glb,MISSING 2D IMAGE
Grill Jacket Modules,,ISLAND_SUNJK45_50.glb,MISSING 2D IMAGE
ODK Components — Classic,,A_DD33.glb,FILE MISSING
ODK Components — Classic,,A_DPCF17.glb,FILE MISSING
ODK Components — Classic,,C_DDC36.glb,FILE MISSING
ODK Components — Classic,,C_DDC42.glb,FILE MISSING
ODK Components — Classic,,DH1420_L.glb,FILE MISSING
ODK Components — Classic,,DH1420_R.glb,FILE MISSING
ODK Components — Classic,,DH1724_L.glb,FILE MISSING
ODK Components — Classic,,DH1724_R.glb,FILE MISSING
ODK Components — Classic,,DV1724_R.glb,FILE MISSING
ODK Components — Classic,,A_DD30.glb,MISSING 2D IMAGE
ODK Components — Classic,,A_DD36.glb,MISSING 2D IMAGE
ODK Components — Classic,,A_DD42.glb,MISSING 2D IMAGE
ODK Components — Classic,,A_DH1420_L.glb,MISSING 2D IMAGE
ODK Components — Classic,,A_DH1420_R.glb,MISSING 2D IMAGE
ODK Components — Classic,,A_DH1724_L.glb,MISSING 2D IMAGE
ODK Components — Classic,,A_DH1724_R.glb,MISSING 2D IMAGE
ODK Components — Classic,,A_DV1420_L.glb,MISSING 2D IMAGE
ODK Components — Classic,,A_DV1420_R.glb,MISSING 2D IMAGE
ODK Components — Classic,,A_DV1724_L.glb,MISSING 2D IMAGE
ODK Components — Classic,,A_DV1724_R.glb,MISSING 2D IMAGE
ODK Components — Classic,,A_LPCDD30.glb,MISSING 2D IMAGE
ODK Components — Classic,,A_LPCTD30.glb,MISSING 2D IMAGE
ODK Components — Classic,,A_TRHD.glb,MISSING 2D IMAGE
ODK Components — Classic,,B_DD12.glb,MISSING 2D IMAGE
ODK Components — Classic,,B_SD6.glb,MISSING 2D IMAGE
ODK Components — Classic,,B_TD18.glb,MISSING 2D IMAGE
ODK Components — Classic,,C_DD30.glb,MISSING 2D IMAGE
ODK Components — Classic,,C_DD36.glb,MISSING 2D IMAGE
ODK Components — Classic,,C_DD42.glb,MISSING 2D IMAGE
ODK Components — Classic,,C_DDC30.glb,MISSING 2D IMAGE
ODK Components — Classic,,C_LPCD20.glb,MISSING 2D IMAGE
ODK Components — Classic,,C_SD12_L.glb,MISSING 2D IMAGE
ODK Components — Classic,,C_SD12_R.glb,MISSING 2D IMAGE
ODK Components — Classic,,C_VSDL12_L.glb,MISSING 2D IMAGE
ODK Components — Classic,,C_VSDR12_R.glb,MISSING 2D IMAGE
ODK Components — Classic,,DSH1724_L.glb,MISSING 2D IMAGE
ODK Components — Classic,,DSH1724_R.glb,MISSING 2D IMAGE
ODK Components — Classic,,DSH30.glb,MISSING 2D IMAGE
ODK Components — Classic,,DSV1724_L.glb,MISSING 2D IMAGE
ODK Components — Classic,,DSV1724_R.glb,MISSING 2D IMAGE
ODK Components — Classic,,DV1420_L.glb,MISSING 2D IMAGE
ODK Components — Classic,,DV1420_R.glb,MISSING 2D IMAGE
ODK Components — Classic,,DV1724_L.glb,MISSING 2D IMAGE
ODK Components — Designer,,DE_DD13.glb,FILE MISSING
ODK Components — Designer,,DE_DD13_DE_DPCF13.glb,FILE MISSING
ODK Components — Designer,,DE_DD13_X2.glb,FILE MISSING
ODK Components — Designer,,DE_DD30.glb,FILE MISSING
ODK Components — Designer,,DE_DD36.glb,FILE MISSING
ODK Components — Designer,,DE_DD42.glb,FILE MISSING
ODK Components — Designer,,DE_DDP30.glb,FILE MISSING
ODK Components — Designer,,DE_DDP30_DE_SD30.glb,FILE MISSING
ODK Components — Designer,,DE_DPCF13.glb,FILE MISSING
ODK Components — Designer,,DE_DPCF23.glb,FILE MISSING
ODK Components — Designer,,DE_DVL15.glb,FILE MISSING
ODK Components — Designer,,DE_DVPL15.glb,FILE MISSING
ODK Components — Designer,,DE_DVPR15.glb,FILE MISSING
ODK Components — Designer,,DE_DVR15.glb,FILE MISSING
ODK Components — Designer,,DE_LPCTD30.glb,FILE MISSING
ODK Components — Designer,,DE_LPCTD30_DE_SD30.glb,FILE MISSING
ODK Components — Designer,,DE_LPCTD30_DE_TRD18.glb,FILE MISSING
ODK Components — Designer,,DE_MD30.glb,FILE MISSING
ODK Components — Designer,,DE_MD30_X2_DE_SD30.glb,FILE MISSING
ODK Components — Designer,,DE_SD30.glb,FILE MISSING
ODK Components — Designer,,DE_SD30_X4.glb,FILE MISSING
ODK Components — Designer,,DE_TD23.glb,FILE MISSING
ODK Components — Designer,,DE_TD23_DE_TRD18.glb,FILE MISSING
ODK Components — Designer,,DE_TRD18.glb,FILE MISSING
ODK Components — Signature,,BA_DD12.glb,FILE MISSING
ODK Components — Signature,,BA_DD30.glb,FILE MISSING
ODK Components — Signature,,BA_DD36.glb,FILE MISSING
ODK Components — Signature,,BA_DD42.glb,FILE MISSING
ODK Components — Signature,,BA_DDC30.glb,FILE MISSING
ODK Components — Signature,,BA_DDC36.glb,FILE MISSING
ODK Components — Signature,,BA_DDC42.glb,FILE MISSING
ODK Components — Signature,,BA_DH1420_L.glb,FILE MISSING
ODK Components — Signature,,BA_DH1420_R.glb,FILE MISSING
ODK Components — Signature,,BA_DH1724_L.glb,FILE MISSING
ODK Components — Signature,,BA_DH1724_R.glb,FILE MISSING
ODK Components — Signature,,BA_DPCF17.glb,FILE MISSING
ODK Components — Signature,,BA_DSH30.glb,FILE MISSING
ODK Components — Signature,,BA_DSV1724_L.glb,FILE MISSING
ODK Components — Signature,,BA_DSV1724_R.glb,FILE MISSING
ODK Components — Signature,,BA_DV1420_L.glb,FILE MISSING
ODK Components — Signature,,BA_DV1420_R.glb,FILE MISSING
ODK Components — Signature,,BA_DV1724_L.glb,FILE MISSING
ODK Components — Signature,,BA_DV1724_R.glb,FILE MISSING
ODK Components — Signature,,BA_LPCTD30.glb,FILE MISSING
ODK Components — Signature,,BA_SD12_L.glb,FILE MISSING
ODK Components — Signature,,BA_SD12_R.glb,FILE MISSING
ODK Components — Signature,,BA_SD6.glb,FILE MISSING
ODK Components — Signature,,BA_SPRD12.glb,FILE MISSING
ODK Components — Signature,,BA_SWVENT_HOR.glb,FILE MISSING
ODK Components — Signature,,BA_SWVENT_VER.glb,FILE MISSING
ODK Components — Signature,,BA_TD18.glb,FILE MISSING
ODK Components — Signature,,BA_TH17_HOR.glb,FILE MISSING
ODK Components — Signature,,BA_TH17_VER.glb,FILE MISSING
ODK Components — Signature,,BA_TRD1724.glb,FILE MISSING
ODK Components — Signature,,BA_VDD30.glb,FILE MISSING
ODK Components — Signature,,BA_VDD36.glb,FILE MISSING
ODK Components — Signature,,BA_VDD42.glb,FILE MISSING
ODK Components — Signature,,BA_VDHL1420.glb,FILE MISSING
ODK Components — Signature,,BA_VDHL1724.glb,FILE MISSING
ODK Components — Signature,,BA_VDHR1420.glb,FILE MISSING
ODK Components — Signature,,BA_VDHR1724.glb,FILE MISSING
ODK Components — Signature,,BA_VDVL1420.glb,FILE MISSING
ODK Components — Signature,,BA_VDVL1724.glb,FILE MISSING
ODK Components — Signature,,BA_VDVR1420.glb,FILE MISSING
ODK Components — Signature,,BA_VDVR1724.glb,FILE MISSING
ODK Components — Signature,,BA_VSDL12.glb,FILE MISSING
ODK Components — Signature,,BA_VSDR12.glb,FILE MISSING
Outdoor Cooking — Hybrid Grills,,SUNCHSZ28.glb,FILE MISSING
Outdoor Cooking — Hybrid Grills,,SUN24PCB_GD.glb,MISSING 2D IMAGE
Outdoor Cooking — Hybrid Grills,,SUN24PCB_PB.glb,MISSING 2D IMAGE
Outdoor Cooking — Hybrid Grills,,SUNCHDZ42.glb,MISSING 2D IMAGE
Outdoor Cooking — Hybrid Grills,,SUNCHSZ30.glb,MISSING 2D IMAGE
Outdoor Cooking — Hybrid Grills,,SUNPLT40.glb,MISSING 2D IMAGE
Outdoor Cooking — Post Mount,,SUNJK18_SUN13CPRO_POST.glb,FILE MISSING
Outdoor Cooking — Post Mount,,SUNJK18_SUN13VDB_POST.glb,FILE MISSING
Outdoor Cooking — Post Mount,,SUNJK29_SUN24PCB_GD_POST.glb,FILE MISSING
Outdoor Cooking — Post Mount,,SUNJK29_SUN24PCB_PB_POST.glb,FILE MISSING
Outdoor Cooking — Post Mount,,SUNJK33_RUBY3B_POST.glb,FILE MISSING
Outdoor Cooking — Post Mount,,SUNJK40_RUBY4BIR_POST.glb,FILE MISSING
Outdoor Cooking — Post Mount,,SUNJK40_RUBY4B_POST.glb,FILE MISSING
Outdoor Cooking — Post Mount,,SUNJK45_SUN5BIR_POSTX2.glb,FILE MISSING
Outdoor Cooking — Post Mount,,SUNJK45_SUNCHDZ42_POSTX2.glb,FILE MISSING
Outdoor Cooking — Post Mount,,SUNJKWING.glb,FILE MISSING
Outdoor Cooking — Post Mount,,SUNJK33_SUNCHSZ30_POST.glb,MISSING 2D IMAGE
Outdoor Cooking — Ruby Gas,,Ruby5BIR_42.glb,FILE MISSING
Outdoor Cooking — Ruby Gas,,RUBY3B_30.glb,MISSING 2D IMAGE
Outdoor Cooking — Ruby Gas,,RUBY4BIR_36.glb,MISSING 2D IMAGE
Outdoor Cooking — Ruby Gas,,RUBY4B_36.glb,MISSING 2D IMAGE
Outdoor Cooking — Ruby Gas,,RUBY5BIR_42.glb,MISSING 2D IMAGE
Outdoor Cooking — Ruby Gas,,SUN13CPRO.glb,MISSING 2D IMAGE
Outdoor Cooking — Ruby Gas,,SUN13VDB.glb,MISSING 2D IMAGE
Outdoor Cooking — Ruby Gas,,SUN13VSB.glb,MISSING 2D IMAGE
Appliance Stations,,ADASK20.glb,MISSING 2D IMAGE
Appliance Stations,,ADASK37.glb,MISSING 2D IMAGE
Appliance Stations,,A_IC.glb,MISSING 2D IMAGE
Appliance Stations,,A_SS17.glb,MISSING 2D IMAGE
Appliance Stations,,BC_BC14.glb,MISSING 2D IMAGE
Appliance Stations,,BC_TD14.glb,MISSING 2D IMAGE
Appliance Stations,,BRBC14.glb,MISSING 2D IMAGE
Appliance Stations,,B_IC14.glb,MISSING 2D IMAGE
Appliance Stations,,B_PS21.glb,MISSING 2D IMAGE
Appliance Stations,,B_SK20.glb,MISSING 2D IMAGE
Appliance Stations,,B_SK34.glb,MISSING 2D IMAGE
Appliance Stations,,SAPFR21PRO.glb,MISSING 2D IMAGE
Appliance Stations,,SAPFR21PRO_BATRIM21.glb,MISSING 2D IMAGE
Appliance Stations,,SAPWD30PRO.glb,MISSING 2D IMAGE
Appliance Stations,,SAPWD30PRO_DE.glb,MISSING 2D IMAGE
Star BBQ,,,EMPTY CATEGORY
