module,product_id,old_price,new_price,parts,notes
SAC20CSDL,pr_mc51jbip59,1574.0,1573.75,"SAC20CSDL $1,573.75",
SAC20CSDL_BRBC14,pr_fpbw1qupln,1753.0,2696.25,"SAC20CSDL $1,573.75 + B-RBC14 $1,122.50",
SAC20CSDL_SUN13CPRO,pr_7c997d3s9v,1740.0,2683.75,"SAC20CSDL $1,573.75 + SUN13CPRO $1,110.00",
SAC20CSDL_SUN13VDB,pr_2l1hfnxay3,1490.0,2433.75,"SAC20CSDL $1,573.75 + SUN13VDB $860.00",
SAC20CSDR,pr_cv5x8ysnjt,1574.0,1573.75,"SAC20CSDR $1,573.75",
SAC20CSDR_BRBC14,pr_edy8i3nx93,1753.0,2696.25,"SAC20CSDR $1,573.75 + B-RBC14 $1,122.50",
SAC20CSDR_SUN13CPRO,pr_3fhu966y5w,1740.0,2683.75,"SAC20CSDR $1,573.75 + SUN13CPRO $1,110.00",
SAC20CSDR_SUN13VDB,pr_vda2kkm6ph,1490.0,2433.75,"SAC20CSDR $1,573.75 + SUN13VDB $860.00",
SAC30APC_SAPFR21PRO,pr_tq4jkbdlzr,2326.0,3546.0,"SAC30APC $2,110.00 + SAPFR21PRO $1,436.00",
SAC30KBDC_KAMADO_RAIL,pr_dbbulh1ldz,1260.0,2833.75,"SAC30KBDC $2,673.75 + SCC30KB-SPRAIL $160.00","KAMADO: the kamado grill itself is a third-party grill, not a Sunstone item"
SAC30KBDC_KAMADO_SHELF,pr_jhsjvujqwk,1210.0,2673.75,"SAC30KBDC $2,673.75","KAMADO: the kamado grill itself is a third-party grill, not a Sunstone item; SHELF: no item number on the sheet for this kamado option"
SAC30KBDC_SUN24PCB-GD,pr_j4pvcq8aie,1210.0,6421.25,"SAC30KBDC $2,673.75 + SUN24PCB-GD $3,747.50",
SAC30KBDC_SUN24PCB-PB,pr_u7dbubb51z,1260.0,6746.25,"SAC30KBDC $2,673.75 + SUN24PCB-PB $4,072.50",
SAC33PBDC_SUN24PCB,pr_7k0xdgfq36,1380.0,7521.25,"SAC33PBDC $2,523.75 + SUN24PCB $4,997.50",
SAC34DWC_SAPWD30PROx2,pr_nqpyiu2bpl,3596.0,4645.0,"SAC34DWC $2,069.00 + 2 x SAP30WDPRO $1,288.00",
SAC34GLPCD,pr_vri5ozgkr7,2774.0,2773.75,"SAC34GLPCD $2,773.75",
SAC34GLPCD_RUBY3B,pr_vzsbkehaac,3863.0,5196.25,"SAC34GLPCD $2,773.75 + RUBY3B $2,422.50",
SAC34SWC_SAPWD30PRO,pr_q93k6vi6kn,2308.0,3657.0,"SAC34SWC $2,369.00 + SAP30WDPRO $1,288.00",
SAC3OKBDC_KAMADO_OPEN,pr_j2nx71lqwp,1260.0,2673.75,"SAC30KBDC $2,673.75","KAMADO: the kamado grill itself is a third-party grill, not a Sunstone item; OPEN: no item number on the sheet for this kamado option"
SAC40GLPCD,pr_uhb9w9aoan,3199.0,3198.75,"SAC40GLPCD $3,198.75",
SAC40GLPCD_RUBY4B,pr_u96cxpxruo,4530.0,6058.75,"SAC40GLPCD $3,198.75 + RUBY4B $2,860.00",
SAC46CGDC,pr_07f4k4m9si,3536.0,3536.25,"SAC46CGDC $3,536.25",
SAC46GLPCD,pr_kt0rwsihcs,3623.0,3622.5,"SAC46GLPCD $3,622.50",
SAC46GLPCD_RUBY5BIR,pr_jpyv8zmiqr,0.0,7495.0,"SAC46GLPCD $3,622.50 + RUBY5BIR $3,872.50",
SBC12SLS_RIGHT,pr_i1e0txdiyu,1190.0,2723.75,"SBC12SLS $2,723.75",
SBC12SSRD,pr_ilu5kyglll,1749.0,1748.75,"SBC12SSRD $1,748.75",
SBC18CSDL,pr_adtc9w6q64,1974.0,1973.75,"SBC18CSDL $1,973.75",
SBC18CSDR,pr_vw0y0jivzb,1974.0,1973.75,"SBC18CSDR $1,973.75",
SBC18DPIC,pr_oif9prk0tx,2361.0,2361.25,"SBC18DPIC $2,361.25",
SBC18FSDL,pr_n3gn7byxf3,1399.0,1398.75,"SBC18FSDL $1,398.75",
SBC18FSDL_ASS17,pr_9uxts291dj,550.0,1686.75,"SBC18FSDL $1,398.75 + A-SS17 $288.00",
SBC18FSDL_BIC14,pr_k6dg24j2np,998.0,1846.75,"SBC18FSDL $1,398.75 + B-IC14 $448.00",
SBC18FSDL_SUN13VSB,pr_a0bn3uhmnz,1049.0,1897.75,"SBC18FSDL $1,398.75 + SUN13VSB $499.00",
SBC18FSDR,pr_hlam73pr4f,1399.0,1398.75,"SBC18FSDR $1,398.75",
SBC18FSDR_ASS17,pr_bkj2urenqi,550.0,1686.75,"SBC18FSDR $1,398.75 + A-SS17 $288.00",
SBC18FSDR_BIC14,pr_j4bxftj634,998.0,1846.75,"SBC18FSDR $1,398.75 + B-IC14 $448.00",
SBC18FSDR_SUN13VSB,pr_7pvr189jzz,1049.0,1897.75,"SBC18FSDR $1,398.75 + SUN13VSB $499.00",
SBC18SLPCD,pr_d6oiwz53kx,1761.0,1761.25,"SBC18SLPCD $1,761.25",
SBC18STD,pr_dn0qgl9jn1,1811.0,1811.25,"SBC18STD $1,811.25",
SBC18STRD,pr_1kvvvbmkks,1586.0,1586.25,"SBC18STRD $1,586.25",
SBC24CDD,pr_ytge91wi3r,1774.0,1773.75,"SBC24CDD $1,773.75",
SBC24CDD_BPS21,pr_ad94jcu9x4,1543.0,2596.25,"SBC24CDD $1,773.75 + B-PS21 $822.50",
SBC24FDD,pr_9u7cgrc450,1711.0,1711.25,"SBC24FDD $1,711.25",
SBC24FDD_BPS21,pr_srgb35ixwr,1543.0,2533.75,"SBC24FDD $1,711.25 + B-PS21 $822.50",
SBC24STD,pr_lh7futhcsd,2236.0,2236.25,"SBC24STD $2,236.25",
SBC30CDD,pr_w2fxxu7xis,2061.0,2061.25,"SBC30CDD $2,061.25",
SBC30CDD_BPS21,pr_hm20ega1ob,1713.0,2883.75,"SBC30CDD $2,061.25 + B-PS21 $822.50",
SBC30CDD_BSK34,pr_bll9w6np0u,1638.0,2808.75,"SBC30CDD $2,061.25 + B-SK34 $747.50",
SBC30FDD,pr_djjl88atze,1911.0,1911.25,"SBC30FDD $1,911.25",
SBC30FDD_BPS21,pr_utwsro2pgd,1713.0,2733.75,"SBC30FDD $1,911.25 + B-PS21 $822.50",
SBC30STD,pr_63md9rv4di,2711.0,2711.25,"SBC30STD $2,711.25",
SBC36CDD,pr_5t7lsll53g,2449.0,2448.75,"SBC36CDD $2,448.75",
SBC36CDD_AIC,pr_fjrxpbsjjb,2060.0,3408.75,"SBC36CDD $2,448.75 + A-IC $960.00",
SBC36CDD_BPS21,pr_xws14zyaqe,1923.0,3271.25,"SBC36CDD $2,448.75 + B-PS21 $822.50",
SBC36FDD,pr_9o8w9161n7,2286.0,2286.25,"SBC36FDD $2,286.25",
SBC3C45_LEFT,pr_wojqm6wdsf,810.0,1311.25,"SBC3C45 $1,311.25",
SBC3C45_RIGHT,pr_2yegg3uybe,810.0,1311.25,"SBC3C45 $1,311.25",
SBC6SPEL,pr_nm5zn5ktuj,636.0,636.25,SBC6SPEL $636.25,
SCC25SPE,pr_ayvvwxqpwa,688.0,687.5,SCC25SPE $687.50,
SCC31BP90_ASS17_LEFT,pr_vrpcxnaiwd,1090.0,1511.75,"SCC31BP90 $1,223.75 + A-SS17 $288.00",
SCC31BP90_ASS17_RIGHT,pr_2d7veq82x2,1090.0,1511.75,"SCC31BP90 $1,223.75 + A-SS17 $288.00",
SCC31BP90_LEFT,pr_y2afsua79r,1090.0,1223.75,"SCC31BP90 $1,223.75",
SCC31BP90_RIGHT,pr_cye2gru29v,1090.0,1223.75,"SCC31BP90 $1,223.75",
SCC3SP90_ASS17_LEFT,pr_zl268n0eke,1090.0,474.25,SCC3SP90 $186.25 + A-SS17 $288.00,
SCC3SP90_ASS17_RIGHT,pr_2tudxu0g26,1090.0,474.25,SCC3SP90 $186.25 + A-SS17 $288.00,
SCC3SP90_LEFT,pr_f7a3d96k1x,1040.0,186.25,SCC3SP90 $186.25,
SCC3SP90_RIGHT,pr_t50h4bic3l,1040.0,186.25,SCC3SP90 $186.25,
SCC3SP90_SUN13VSB_LEFT,pr_cclaao2ac8,1090.0,685.25,SCC3SP90 $186.25 + SUN13VSB $499.00,
SCC3SP90_SUN13VSB_RIGHT,pr_vur369dm15,1090.0,685.25,SCC3SP90 $186.25 + SUN13VSB $499.00,
SCC3SPF,pr_y03h56zk6e,124.0,123.75,SCC3SPF $123.75,
SCC6SPF,pr_5ezyaiqku2,149.0,148.75,SCC6SPF $148.75,
