module,parts,map_total,store_price,configurator_price,status,store_product_id,store_ref,store_active,notes
SAC20CSDL,"SAC20CSDL $1,573.75",1573.75,1574.0,1574.0,WRONG,pr_mc51jbip59,30052,1,
SAC20CSDL_BRBC14,"SAC20CSDL $1,573.75 + B-RBC14 $1,122.50",2696.25,1753.0,1753.0,WRONG,pr_fpbw1qupln,180001,1,
SAC20CSDL_SUN13CPRO,"SAC20CSDL $1,573.75 + SUN13CPRO $1,110.00",2683.75,1740.0,1740.0,WRONG,pr_7c997d3s9v,180002,1,
SAC20CSDL_SUN13VDB,"SAC20CSDL $1,573.75 + SUN13VDB $860.00",2433.75,1490.0,1490.0,WRONG,pr_2l1hfnxay3,180003,1,
SAC20CSDR,"SAC20CSDR $1,573.75",1573.75,1574.0,1574.0,WRONG,pr_cv5x8ysnjt,30053,1,
SAC20CSDR_BRBC14,"SAC20CSDR $1,573.75 + B-RBC14 $1,122.50",2696.25,1753.0,1753.0,WRONG,pr_edy8i3nx93,180004,1,
SAC20CSDR_SUN13CPRO,"SAC20CSDR $1,573.75 + SUN13CPRO $1,110.00",2683.75,1740.0,1740.0,WRONG,pr_3fhu966y5w,180005,1,
SAC20CSDR_SUN13VDB,"SAC20CSDR $1,573.75 + SUN13VDB $860.00",2433.75,1490.0,1490.0,WRONG,pr_vda2kkm6ph,180006,1,
SAC24APC,"SAC24APC $1,935.00",1935.0,1935.0,1935.0,OK,pr_7okmoeh7pm,30066,1,
SAC30APC,"SAC30APC $2,110.00",2110.0,2110.0,2110.0,OK,pr_p4i0hoefwt,30091,1,
SAC30APC_SAPFR21PRO,"SAC30APC $2,110.00 + SAPFR21PRO $1,436.00",3546.0,2326.0,2326.0,WRONG,pr_tq4jkbdlzr,180007,1,
SAC30KBDC_KAMADO_RAIL,"SAC30KBDC $2,673.75 + SCC30KB-SPRAIL $160.00",2833.75,1260.0,1260.0,WRONG,pr_dbbulh1ldz,180008,1,"KAMADO: the kamado grill itself is a third-party grill, not a Sunstone item"
SAC30KBDC_KAMADO_SHELF,"SAC30KBDC $2,673.75",2673.75,1210.0,1210.0,WRONG,pr_jhsjvujqwk,180009,1,"KAMADO: the kamado grill itself is a third-party grill, not a Sunstone item; SHELF: no item number on the sheet for this kamado option"
SAC30KBDC_SUN24PCB-GD,"SAC30KBDC $2,673.75 + SUN24PCB-GD $3,747.50",6421.25,1210.0,1210.0,WRONG,pr_j4pvcq8aie,180010,1,
SAC30KBDC_SUN24PCB-PB,"SAC30KBDC $2,673.75 + SUN24PCB-PB $4,072.50",6746.25,1260.0,1260.0,WRONG,pr_u7dbubb51z,180011,1,
SAC33PBDC_SUN24PCB,"SAC33PBDC $2,523.75 + SUN24PCB $4,997.50",7521.25,1380.0,1380.0,WRONG,pr_7k0xdgfq36,180012,1,
SAC34APC,"SAC34APC $2,185.00",2185.0,2185.0,2185.0,OK,pr_sxugcblsui,30124,1,
SAC34CGDC,"SAC34CGDC $2,189.00",2189.0,2189.0,2189.0,OK,pr_na8mfbd4xt,30127,1,
SAC34CGDC_SUNCHSZ30,"SAC34CGDC $2,189.00 + SUNCHSZ30 = ?",,5313.0,5313.0,NEEDS DECISION,pr_6y9xrw6rlw,180013,1,"SUNCHSZ30: not on the 2026 sheet (closest: SUNCHSZ30IR $3,872.50, SUNCHSZ28 $2,735.00)"
SAC34DWC,"SAC34DWC $2,069.00",2069.0,2069.0,2069.0,OK,pr_793q73apma,30125,1,
SAC34DWC_SAPWD30PROx2,"SAC34DWC $2,069.00 + 2 x SAP30WDPRO $1,288.00",4645.0,3596.0,3596.0,WRONG,pr_nqpyiu2bpl,180014,1,
SAC34GLPCD,"SAC34GLPCD $2,773.75",2773.75,2774.0,2774.0,WRONG,pr_vri5ozgkr7,30126,1,
SAC34GLPCD_RUBY3B,"SAC34GLPCD $2,773.75 + RUBY3B $2,422.50",5196.25,3863.0,3863.0,WRONG,pr_vzsbkehaac,180015,1,
SAC34SWC,"SAC34SWC $2,369.00",2369.0,2369.0,2369.0,OK,pr_btkscctdml,30128,1,
SAC34SWC_SAPWD30PRO,"SAC34SWC $2,369.00 + SAP30WDPRO $1,288.00",3657.0,2308.0,2308.0,WRONG,pr_q93k6vi6kn,180016,1,
SAC3OKBDC_KAMADO_OPEN,"SAC30KBDC $2,673.75",2673.75,1260.0,1260.0,WRONG,pr_j2nx71lqwp,180017,1,"KAMADO: the kamado grill itself is a third-party grill, not a Sunstone item; OPEN: no item number on the sheet for this kamado option"
SAC40GLPCD,"SAC40GLPCD $3,198.75",3198.75,3199.0,3199.0,WRONG,pr_uhb9w9aoan,30136,1,
SAC40GLPCD_RUBY4B,"SAC40GLPCD $3,198.75 + RUBY4B $2,860.00",6058.75,4530.0,4530.0,WRONG,pr_u96cxpxruo,180018,1,
SAC46CGDC,"SAC46CGDC $3,536.25",3536.25,3536.0,3536.0,WRONG,pr_07f4k4m9si,30154,1,
SAC46CGDC_SUNCHDZ42,"SAC46CGDC $3,536.25 + SUNCHDZ42 = ?",,8085.0,8085.0,NEEDS DECISION,pr_nr8k3ftm9c,180019,1,"SUNCHDZ42: not on the 2026 sheet (closest: EMCHDZ42 Emerald 42"" $6,185.00)"
SAC46GLPCD,"SAC46GLPCD $3,622.50",3622.5,3623.0,3623.0,WRONG,pr_kt0rwsihcs,30155,1,
SAC46GLPCD_RUBY5BIR,"SAC46GLPCD $3,622.50 + RUBY5BIR $3,872.50",7495.0,0.0,5773.0,WRONG,pr_jpyv8zmiqr,30153,0,
SBC12SLS_RIGHT,"SBC12SLS $2,723.75",2723.75,1190.0,1190.0,WRONG,pr_i1e0txdiyu,180020,1,
SBC12SSRD,"SBC12SSRD $1,748.75",1748.75,1749.0,1749.0,WRONG,pr_ilu5kyglll,30005,1,
SBC18CSDL,"SBC18CSDL $1,973.75",1973.75,1974.0,1974.0,WRONG,pr_adtc9w6q64,30037,1,
SBC18CSDR,"SBC18CSDR $1,973.75",1973.75,1974.0,1974.0,WRONG,pr_vw0y0jivzb,30038,1,
SBC18DPIC,"SBC18DPIC $2,361.25",2361.25,2361.0,2361.0,WRONG,pr_oif9prk0tx,30043,1,
SBC18FSDL,"SBC18FSDL $1,398.75",1398.75,1399.0,1399.0,WRONG,pr_n3gn7byxf3,30034,1,
SBC18FSDL_ASS17,"SBC18FSDL $1,398.75 + A-SS17 $288.00",1686.75,550.0,550.0,WRONG,pr_9uxts291dj,180021,1,
SBC18FSDL_BIC14,"SBC18FSDL $1,398.75 + B-IC14 $448.00",1846.75,998.0,998.0,WRONG,pr_k6dg24j2np,180022,1,
SBC18FSDL_SUN13VSB,"SBC18FSDL $1,398.75 + SUN13VSB $499.00",1897.75,1049.0,1049.0,WRONG,pr_a0bn3uhmnz,180023,1,
SBC18FSDR,"SBC18FSDR $1,398.75",1398.75,1399.0,1399.0,WRONG,pr_hlam73pr4f,30036,1,
SBC18FSDR_ASS17,"SBC18FSDR $1,398.75 + A-SS17 $288.00",1686.75,550.0,550.0,WRONG,pr_bkj2urenqi,180024,1,
SBC18FSDR_BIC14,"SBC18FSDR $1,398.75 + B-IC14 $448.00",1846.75,998.0,998.0,WRONG,pr_j4bxftj634,180025,1,
SBC18FSDR_SUN13VSB,"SBC18FSDR $1,398.75 + SUN13VSB $499.00",1897.75,1049.0,1049.0,WRONG,pr_7pvr189jzz,180026,1,
SBC18SLPCD,"SBC18SLPCD $1,761.25",1761.25,1761.0,1761.0,WRONG,pr_d6oiwz53kx,30044,1,
SBC18STD,"SBC18STD $1,811.25",1811.25,1811.0,1811.0,WRONG,pr_dn0qgl9jn1,30041,1,
SBC18STRD,"SBC18STRD $1,586.25",1586.25,1586.0,1586.0,WRONG,pr_1kvvvbmkks,30040,1,
SBC24CDD,"SBC24CDD $1,773.75",1773.75,1774.0,1774.0,WRONG,pr_ytge91wi3r,30061,1,
SBC24CDD_BPS21,"SBC24CDD $1,773.75 + B-PS21 $822.50",2596.25,1543.0,1543.0,WRONG,pr_ad94jcu9x4,180027,1,
SBC24FDD,"SBC24FDD $1,711.25",1711.25,1711.0,1711.0,WRONG,pr_9u7cgrc450,30062,1,
SBC24FDD_BPS21,"SBC24FDD $1,711.25 + B-PS21 $822.50",2533.75,1543.0,1543.0,WRONG,pr_srgb35ixwr,180028,1,
SBC24STD,"SBC24STD $2,236.25",2236.25,2236.0,2236.0,WRONG,pr_lh7futhcsd,30064,1,
SBC30CDD,"SBC30CDD $2,061.25",2061.25,2061.0,2061.0,WRONG,pr_w2fxxu7xis,30082,1,
SBC30CDD_BPS21,"SBC30CDD $2,061.25 + B-PS21 $822.50",2883.75,1713.0,1713.0,WRONG,pr_hm20ega1ob,180029,1,
SBC30CDD_BSK34,"SBC30CDD $2,061.25 + B-SK34 $747.50",2808.75,1638.0,1638.0,WRONG,pr_bll9w6np0u,180030,1,
SBC30DSPC,"SBC30DSPC $2,369.00",2369.0,2369.0,2369.0,OK,pr_i66zg76qy2,30094,1,
SBC30FDD,"SBC30FDD $1,911.25",1911.25,1911.0,1911.0,WRONG,pr_djjl88atze,30085,1,
SBC30FDD_BPS21,"SBC30FDD $1,911.25 + B-PS21 $822.50",2733.75,1713.0,1713.0,WRONG,pr_utwsro2pgd,180031,1,
SBC30STD,"SBC30STD $2,711.25",2711.25,2711.0,2711.0,WRONG,pr_63md9rv4di,30088,1,
SBC34FDD_BSK34,SBC34FDD = ? + B-SK34 $747.50,,1360.0,1360.0,NEEDS DECISION,pr_1iuteghjuk,180032,1,"SBC34FDD: no SBC34FDD on the 2026 sheet (sheet has SBC24FDD, SBC30FDD, SBC36FDD)"
SBC36CDD,"SBC36CDD $2,448.75",2448.75,2449.0,2449.0,WRONG,pr_5t7lsll53g,30131,1,
SBC36CDD_AIC,"SBC36CDD $2,448.75 + A-IC $960.00",3408.75,2060.0,2060.0,WRONG,pr_fjrxpbsjjb,180033,1,
SBC36CDD_BPS21,"SBC36CDD $2,448.75 + B-PS21 $822.50",3271.25,1923.0,1923.0,WRONG,pr_xws14zyaqe,180034,1,
SBC36FDD,"SBC36FDD $2,286.25",2286.25,2286.0,2286.0,WRONG,pr_9o8w9161n7,30132,1,
SBC3C45_LEFT,"SBC3C45 $1,311.25",1311.25,810.0,810.0,WRONG,pr_wojqm6wdsf,180035,1,
SBC3C45_RIGHT,"SBC3C45 $1,311.25",1311.25,810.0,810.0,WRONG,pr_2yegg3uybe,180036,1,
SBC6SPEL,SBC6SPEL $636.25,636.25,636.0,636.0,WRONG,pr_nm5zn5ktuj,30156,1,
SCC15SPE,SCC15SPE $350.00,350.0,350.0,350.0,OK,pr_5ssyncc663,30019,1,
SCC21SPE,SCC21SPE = ?,,613.0,613.0,NEEDS DECISION,pr_r60wdlvtlw,30057,1,SCC21SPE: not found on the MAP sheets
SCC25SPE,SCC25SPE $687.50,687.5,688.0,688.0,WRONG,pr_ayvvwxqpwa,30068,1,
SCC31BP90_ASS17_LEFT,"SCC31BP90 $1,223.75 + A-SS17 $288.00",1511.75,1090.0,1090.0,WRONG,pr_vrpcxnaiwd,180037,1,
SCC31BP90_ASS17_RIGHT,"SCC31BP90 $1,223.75 + A-SS17 $288.00",1511.75,1090.0,1090.0,WRONG,pr_2d7veq82x2,180038,1,
SCC31BP90_LEFT,"SCC31BP90 $1,223.75",1223.75,1090.0,1090.0,WRONG,pr_y2afsua79r,180039,1,
SCC31BP90_RIGHT,"SCC31BP90 $1,223.75",1223.75,1090.0,1090.0,WRONG,pr_cye2gru29v,180040,1,
SCC3SP90_ASS17_LEFT,SCC3SP90 $186.25 + A-SS17 $288.00,474.25,1090.0,1090.0,WRONG,pr_zl268n0eke,180041,1,
SCC3SP90_ASS17_RIGHT,SCC3SP90 $186.25 + A-SS17 $288.00,474.25,1090.0,1090.0,WRONG,pr_2tudxu0g26,180042,1,
SCC3SP90_LEFT,SCC3SP90 $186.25,186.25,1040.0,1040.0,WRONG,pr_f7a3d96k1x,180043,1,
SCC3SP90_RIGHT,SCC3SP90 $186.25,186.25,1040.0,1040.0,WRONG,pr_t50h4bic3l,180044,1,
SCC3SP90_SUN13VSB_LEFT,SCC3SP90 $186.25 + SUN13VSB $499.00,685.25,1090.0,1090.0,WRONG,pr_cclaao2ac8,180045,1,
SCC3SP90_SUN13VSB_RIGHT,SCC3SP90 $186.25 + SUN13VSB $499.00,685.25,1090.0,1090.0,WRONG,pr_vur369dm15,180046,1,
SCC3SPF,SCC3SPF $123.75,123.75,124.0,124.0,WRONG,pr_y03h56zk6e,30077,1,
SCC4SPEL_LEFT,"SCC4SPEL $1,497.50",1497.5,150.0,150.0,WRONG,pr_uozaijcbnd,180047,1,
SCC6SPF,SCC6SPF $148.75,148.75,149.0,149.0,WRONG,pr_5ezyaiqku2,30160,1,
SCCSPER_RIGHT,SCCSPER = ?,,150.0,150.0,NEEDS DECISION,pr_m1s0265b3p,180048,1,"SCCSPER: no SCCSPER on the sheet (SCC4SPER/SCC4SPEL is a $1,497.50 left+right pair)"
